"","STATE","STNAME","AGEGRP","RACE","ESTIMATE","MR","EOC"
"1",1,"Alabama","1","A",3994,3745,-6.43
"2",1,"Alabama","1","AIC",5993,5839,-2.6
"3",1,"Alabama","2","A",3761,4055,7.52
"4",1,"Alabama","2","AIC",5618,5669,0.9
"5",1,"Alabama","3","A",3460,3621,4.55
"6",1,"Alabama","3","AIC",5116,5078,-0.75
"7",1,"Alabama","4","A",3114,3564,13.48
"8",1,"Alabama","4","AIC",4464,4837,8.02
"9",1,"Alabama","5","A",3920,4732,18.77
"10",1,"Alabama","5","AIC",5215,5951,13.18
"11",1,"Alabama","6","A",4180,5209,21.92
"12",1,"Alabama","6","AIC",5171,6332,20.19
"13",1,"Alabama","7","A",4122,5040,20.04
"14",1,"Alabama","7","AIC",4920,6022,20.14
"15",1,"Alabama","8","A",4816,5252,8.66
"16",1,"Alabama","8","AIC",5441,6020,10.1
"17",1,"Alabama","9","A",4178,4585,9.29
"18",1,"Alabama","9","AIC",4695,5110,8.47
"19",1,"Alabama","10","A",3712,3911,5.22
"20",1,"Alabama","10","AIC",4182,4431,5.78
"21",1,"Alabama","11","A",3066,3285,6.9
"22",1,"Alabama","11","AIC",3493,3766,7.52
"23",1,"Alabama","12","A",2642,2751,4.04
"24",1,"Alabama","12","AIC",3007,3123,3.78
"25",1,"Alabama","13","A",2137,2158,0.98
"26",1,"Alabama","13","AIC",2389,2377,-0.5
"27",1,"Alabama","14","A",1332,1407,5.48
"28",1,"Alabama","14","AIC",1560,1567,0.45
"29",1,"Alabama","15","A",947,885,-6.77
"30",1,"Alabama","15","AIC",1096,1003,-8.86
"31",1,"Alabama","16","A",700,591,-16.89
"32",1,"Alabama","16","AIC",821,666,-20.85
"33",1,"Alabama","17","A",440,306,-35.92
"34",1,"Alabama","17","AIC",528,375,-33.89
"35",1,"Alabama","18","A",248,143,-53.71
"36",1,"Alabama","18","AIC",344,191,-57.2
"37",2,"Alaska","1","A",2626,2450,-6.93
"38",2,"Alaska","1","AIC",4186,4707,11.72
"39",2,"Alaska","2","A",2779,2785,0.22
"40",2,"Alaska","2","AIC",4118,4645,12.03
"41",2,"Alaska","3","A",2484,2932,16.54
"42",2,"Alaska","3","AIC",3820,4540,17.22
"43",2,"Alaska","4","A",2387,3030,23.74
"44",2,"Alaska","4","AIC",3395,4346,24.57
"45",2,"Alaska","5","A",2604,2898,10.69
"46",2,"Alaska","5","AIC",3504,3968,12.42
"47",2,"Alaska","6","A",2849,2886,1.29
"48",2,"Alaska","6","AIC",3614,3766,4.12
"49",2,"Alaska","7","A",2610,2546,-2.48
"50",2,"Alaska","7","AIC",3162,3288,3.91
"51",2,"Alaska","8","A",2682,2886,7.33
"52",2,"Alaska","8","AIC",3138,3457,9.67
"53",2,"Alaska","9","A",2539,2946,14.84
"54",2,"Alaska","9","AIC",2895,3398,15.99
"55",2,"Alaska","10","A",2706,3117,14.12
"56",2,"Alaska","10","AIC",3074,3488,12.62
"57",2,"Alaska","11","A",2538,2933,14.44
"58",2,"Alaska","11","AIC",2861,3275,13.49
"59",2,"Alaska","12","A",2066,2543,20.7
"60",2,"Alaska","12","AIC",2281,2784,19.86
"61",2,"Alaska","13","A",1768,1915,7.98
"62",2,"Alaska","13","AIC",1872,2062,9.66
"63",2,"Alaska","14","A",1224,1154,-5.89
"64",2,"Alaska","14","AIC",1301,1236,-5.12
"65",2,"Alaska","15","A",710,773,8.5
"66",2,"Alaska","15","AIC",757,826,8.72
"67",2,"Alaska","16","A",562,512,-9.31
"68",2,"Alaska","16","AIC",603,551,-9.01
"69",2,"Alaska","17","A",420,363,-14.56
"70",2,"Alaska","17","AIC",466,376,-21.38
"71",2,"Alaska","18","A",350,213,-48.67
"72",2,"Alaska","18","AIC",368,230,-46.15
"73",4,"Arizona","1","A",13242,12977,-2.02
"74",4,"Arizona","1","AIC",20355,21537,5.64
"75",4,"Arizona","2","A",13991,12986,-7.45
"76",4,"Arizona","2","AIC",20842,20525,-1.53
"77",4,"Arizona","3","A",11028,11998,8.43
"78",4,"Arizona","3","AIC",16190,18442,13.01
"79",4,"Arizona","4","A",9784,12277,22.6
"80",4,"Arizona","4","AIC",13750,17935,26.42
"81",4,"Arizona","5","A",9690,13937,35.95
"82",4,"Arizona","5","AIC",13132,18790,35.45
"83",4,"Arizona","6","A",13892,16822,19.08
"84",4,"Arizona","6","AIC",17409,21071,19.03
"85",4,"Arizona","7","A",16682,17371,4.05
"86",4,"Arizona","7","AIC",19707,21117,6.91
"87",4,"Arizona","8","A",17870,18437,3.12
"88",4,"Arizona","8","AIC",20340,21635,6.17
"89",4,"Arizona","9","A",14915,15327,2.72
"90",4,"Arizona","9","AIC",16808,17597,4.59
"91",4,"Arizona","10","A",12649,13380,5.62
"92",4,"Arizona","10","AIC",14174,15381,8.17
"93",4,"Arizona","11","A",10734,11466,6.59
"94",4,"Arizona","11","AIC",12002,13065,8.48
"95",4,"Arizona","12","A",8944,9423,5.22
"96",4,"Arizona","12","AIC",9838,10602,7.48
"97",4,"Arizona","13","A",7427,7667,3.18
"98",4,"Arizona","13","AIC",8039,8486,5.41
"99",4,"Arizona","14","A",5331,5319,-0.23
"100",4,"Arizona","14","AIC",5778,5846,1.17
"101",4,"Arizona","15","A",3938,3944,0.15
"102",4,"Arizona","15","AIC",4252,4322,1.63
"103",4,"Arizona","16","A",2783,2633,-5.54
"104",4,"Arizona","16","AIC",2984,2904,-2.72
"105",4,"Arizona","17","A",1694,1464,-14.57
"106",4,"Arizona","17","AIC",1822,1609,-12.42
"107",4,"Arizona","18","A",1397,1028,-30.43
"108",4,"Arizona","18","AIC",1562,1125,-32.53
"109",5,"Arkansas","1","A",3133,2785,-11.76
"110",5,"Arkansas","1","AIC",4531,4275,-5.81
"111",5,"Arkansas","2","A",2896,2833,-2.2
"112",5,"Arkansas","2","AIC",4538,4060,-11.12
"113",5,"Arkansas","3","A",2099,2428,14.54
"114",5,"Arkansas","3","AIC",3141,3377,7.24
"115",5,"Arkansas","4","A",2161,2708,22.47
"116",5,"Arkansas","4","AIC",3005,3578,17.41
"117",5,"Arkansas","5","A",2291,3453,40.46
"118",5,"Arkansas","5","AIC",3025,4355,36.04
"119",5,"Arkansas","6","A",3046,3871,23.85
"120",5,"Arkansas","6","AIC",3647,4511,21.18
"121",5,"Arkansas","7","A",3226,3622,11.57
"122",5,"Arkansas","7","AIC",3765,4197,10.85
"123",5,"Arkansas","8","A",3294,3322,0.85
"124",5,"Arkansas","8","AIC",3627,3770,3.87
"125",5,"Arkansas","9","A",2793,2789,-0.14
"126",5,"Arkansas","9","AIC",3076,3086,0.32
"127",5,"Arkansas","10","A",2323,2361,1.62
"128",5,"Arkansas","10","AIC",2610,2626,0.61
"129",5,"Arkansas","11","A",2106,2172,3.09
"130",5,"Arkansas","11","AIC",2343,2416,3.07
"131",5,"Arkansas","12","A",1768,1829,3.39
"132",5,"Arkansas","12","AIC",1976,2007,1.56
"133",5,"Arkansas","13","A",1299,1324,1.91
"134",5,"Arkansas","13","AIC",1462,1489,1.83
"135",5,"Arkansas","14","A",906,827,-9.12
"136",5,"Arkansas","14","AIC",1011,917,-9.75
"137",5,"Arkansas","15","A",624,517,-18.76
"138",5,"Arkansas","15","AIC",725,594,-19.86
"139",5,"Arkansas","16","A",381,357,-6.5
"140",5,"Arkansas","16","AIC",455,392,-14.88
"141",5,"Arkansas","17","A",254,209,-19.44
"142",5,"Arkansas","17","AIC",304,246,-21.09
"143",5,"Arkansas","18","A",156,130,-18.18
"144",5,"Arkansas","18","AIC",218,163,-28.87
"145",6,"California","1","A",295013,283840,-3.86
"146",6,"California","1","AIC",376824,387189,2.71
"147",6,"California","2","A",289379,290530,0.4
"148",6,"California","2","AIC",361038,379498,4.99
"149",6,"California","3","A",266829,294384,9.82
"150",6,"California","3","AIC",323570,372607,14.09
"151",6,"California","4","A",285602,333420,15.45
"152",6,"California","4","AIC",334912,405356,19.03
"153",6,"California","5","A",289742,363189,22.5
"154",6,"California","5","AIC",332586,422170,23.74
"155",6,"California","6","A",359263,387605,7.59
"156",6,"California","6","AIC",398075,439040,9.79
"157",6,"California","7","A",397415,388420,-2.29
"158",6,"California","7","AIC",429144,431064,0.45
"159",6,"California","8","A",402690,417740,3.67
"160",6,"California","8","AIC",429695,452983,5.28
"161",6,"California","9","A",375181,388766,3.56
"162",6,"California","9","AIC",399188,419434,4.95
"163",6,"California","10","A",361000,381698,5.57
"164",6,"California","10","AIC",382963,410667,6.98
"165",6,"California","11","A",339928,361716,6.21
"166",6,"California","11","AIC",358878,386525,7.42
"167",6,"California","12","A",301126,318234,5.52
"168",6,"California","12","AIC",314316,335452,6.51
"169",6,"California","13","A",246668,259014,4.88
"170",6,"California","13","AIC",255847,271043,5.77
"171",6,"California","14","A",169021,177830,5.08
"172",6,"California","14","AIC",175169,185707,5.84
"173",6,"California","15","A",135941,141735,4.17
"174",6,"California","15","AIC",140638,147729,4.92
"175",6,"California","16","A",106458,108036,1.47
"176",6,"California","16","AIC",110185,112782,2.33
"177",6,"California","17","A",79875,76705,-4.05
"178",6,"California","17","AIC",82408,79926,-3.06
"179",6,"California","18","A",76899,65261,-16.37
"180",6,"California","18","AIC",78943,67898,-15.04
"181",8,"Colorado","1","A",10765,9477,-12.73
"182",8,"Colorado","1","AIC",16680,17510,4.86
"183",8,"Colorado","2","A",11096,10911,-1.68
"184",8,"Colorado","2","AIC",16398,17768,8.02
"185",8,"Colorado","3","A",9156,9849,7.29
"186",8,"Colorado","3","AIC",13556,15467,13.17
"187",8,"Colorado","4","A",8488,9214,8.2
"188",8,"Colorado","4","AIC",12189,14041,14.12
"189",8,"Colorado","5","A",9542,10737,11.79
"190",8,"Colorado","5","AIC",13018,14889,13.41
"191",8,"Colorado","6","A",11237,12629,11.67
"192",8,"Colorado","6","AIC",14179,16236,13.53
"193",8,"Colorado","7","A",12636,12708,0.57
"194",8,"Colorado","7","AIC",14994,15846,5.53
"195",8,"Colorado","8","A",14136,13895,-1.72
"196",8,"Colorado","8","AIC",16244,16570,1.99
"197",8,"Colorado","9","A",11762,11893,1.11
"198",8,"Colorado","9","AIC",13385,13735,2.58
"199",8,"Colorado","10","A",9864,10531,6.54
"200",8,"Colorado","10","AIC",11209,12202,8.48
"201",8,"Colorado","11","A",8435,8888,5.23
"202",8,"Colorado","11","AIC",9503,10217,7.24
"203",8,"Colorado","12","A",6718,7234,7.4
"204",8,"Colorado","12","AIC",7434,8102,8.6
"205",8,"Colorado","13","A",5394,5708,5.66
"206",8,"Colorado","13","AIC",5861,6196,5.56
"207",8,"Colorado","14","A",3658,3914,6.76
"208",8,"Colorado","14","AIC",3969,4218,6.08
"209",8,"Colorado","15","A",2623,2766,5.31
"210",8,"Colorado","15","AIC",2801,2937,4.74
"211",8,"Colorado","16","A",2059,2044,-0.73
"212",8,"Colorado","16","AIC",2221,2199,-1
"213",8,"Colorado","17","A",1445,1357,-6.28
"214",8,"Colorado","17","AIC",1536,1461,-5.01
"215",8,"Colorado","18","A",1261,1064,-16.95
"216",8,"Colorado","18","AIC",1350,1144,-16.52
"217",9,"Connecticut","1","A",10571,10875,2.84
"218",9,"Connecticut","1","AIC",12980,14525,11.23
"219",9,"Connecticut","2","A",10331,10612,2.68
"220",9,"Connecticut","2","AIC",12454,13775,10.07
"221",9,"Connecticut","3","A",8951,9157,2.28
"222",9,"Connecticut","3","AIC",10603,11609,9.06
"223",9,"Connecticut","4","A",7847,8579,8.91
"224",9,"Connecticut","4","AIC",9343,10610,12.7
"225",9,"Connecticut","5","A",8368,9879,16.56
"226",9,"Connecticut","5","AIC",9706,11591,17.7
"227",9,"Connecticut","6","A",10370,13896,29.06
"228",9,"Connecticut","6","AIC",11340,15141,28.71
"229",9,"Connecticut","7","A",12645,14416,13.09
"230",9,"Connecticut","7","AIC",13457,15465,13.89
"231",9,"Connecticut","8","A",13471,14015,3.96
"232",9,"Connecticut","8","AIC",14291,15047,5.15
"233",9,"Connecticut","9","A",11790,11701,-0.76
"234",9,"Connecticut","9","AIC",12473,12506,0.26
"235",9,"Connecticut","10","A",9847,9952,1.06
"236",9,"Connecticut","10","AIC",10476,10678,1.91
"237",9,"Connecticut","11","A",7652,8058,5.17
"238",9,"Connecticut","11","AIC",8204,8681,5.65
"239",9,"Connecticut","12","A",5971,6317,5.63
"240",9,"Connecticut","12","AIC",6339,6731,6
"241",9,"Connecticut","13","A",4694,4888,4.05
"242",9,"Connecticut","13","AIC",4972,5191,4.31
"243",9,"Connecticut","14","A",3080,3252,5.43
"244",9,"Connecticut","14","AIC",3266,3450,5.48
"245",9,"Connecticut","15","A",2166,2246,3.63
"246",9,"Connecticut","15","AIC",2304,2400,4.08
"247",9,"Connecticut","16","A",1494,1413,-5.57
"248",9,"Connecticut","16","AIC",1587,1511,-4.91
"249",9,"Connecticut","17","A",876,764,-13.66
"250",9,"Connecticut","17","AIC",953,837,-12.96
"251",9,"Connecticut","18","A",786,496,-45.24
"252",9,"Connecticut","18","AIC",852,542,-44.48
"253",10,"Delaware","1","A",2186,2155,-1.43
"254",10,"Delaware","1","AIC",2708,2938,8.15
"255",10,"Delaware","2","A",2157,2112,-2.11
"256",10,"Delaware","2","AIC",2677,2808,4.78
"257",10,"Delaware","3","A",1665,1710,2.67
"258",10,"Delaware","3","AIC",2141,2246,4.79
"259",10,"Delaware","4","A",1471,1858,23.25
"260",10,"Delaware","4","AIC",1829,2403,27.13
"261",10,"Delaware","5","A",1490,2074,32.77
"262",10,"Delaware","5","AIC",1767,2505,34.55
"263",10,"Delaware","6","A",2426,2897,17.7
"264",10,"Delaware","6","AIC",2752,3253,16.69
"265",10,"Delaware","7","A",2718,2957,8.42
"266",10,"Delaware","7","AIC",2943,3239,9.58
"267",10,"Delaware","8","A",2720,2802,2.97
"268",10,"Delaware","8","AIC",2895,3064,5.67
"269",10,"Delaware","9","A",2315,2290,-1.09
"270",10,"Delaware","9","AIC",2472,2506,1.37
"271",10,"Delaware","10","A",1972,2077,5.19
"272",10,"Delaware","10","AIC",2110,2252,6.51
"273",10,"Delaware","11","A",1567,1663,5.94
"274",10,"Delaware","11","AIC",1693,1804,6.35
"275",10,"Delaware","12","A",1257,1359,7.8
"276",10,"Delaware","12","AIC",1351,1442,6.52
"277",10,"Delaware","13","A",1103,1156,4.69
"278",10,"Delaware","13","AIC",1189,1232,3.55
"279",10,"Delaware","14","A",834,899,7.5
"280",10,"Delaware","14","AIC",883,949,7.21
"281",10,"Delaware","15","A",692,653,-5.8
"282",10,"Delaware","15","AIC",734,694,-5.6
"283",10,"Delaware","16","A",362,362,0
"284",10,"Delaware","16","AIC",391,380,-2.85
"285",10,"Delaware","17","A",204,184,-10.31
"286",10,"Delaware","17","AIC",228,207,-9.66
"287",10,"Delaware","18","A",196,134,-37.58
"288",10,"Delaware","18","AIC",211,152,-32.51
"289",11,"District of Columbia","1","A",1333,678,-65.14
"290",11,"District of Columbia","1","AIC",1934,1541,-22.62
"291",11,"District of Columbia","2","A",923,494,-60.55
"292",11,"District of Columbia","2","AIC",1307,872,-39.93
"293",11,"District of Columbia","3","A",880,385,-78.26
"294",11,"District of Columbia","3","AIC",1147,629,-58.33
"295",11,"District of Columbia","4","A",1212,1189,-1.92
"296",11,"District of Columbia","4","AIC",1396,1645,16.38
"297",11,"District of Columbia","5","A",1790,3294,59.17
"298",11,"District of Columbia","5","AIC",2096,4124,65.21
"299",11,"District of Columbia","6","A",2828,3873,31.19
"300",11,"District of Columbia","6","AIC",3302,4755,36.07
"301",11,"District of Columbia","7","A",2939,3353,13.16
"302",11,"District of Columbia","7","AIC",3312,4032,19.61
"303",11,"District of Columbia","8","A",2307,2326,0.82
"304",11,"District of Columbia","8","AIC",2504,2722,8.34
"305",11,"District of Columbia","9","A",1451,1349,-7.29
"306",11,"District of Columbia","9","AIC",1609,1576,-2.07
"307",11,"District of Columbia","10","A",950,988,3.92
"308",11,"District of Columbia","10","AIC",1074,1180,9.41
"309",11,"District of Columbia","11","A",850,874,2.78
"310",11,"District of Columbia","11","AIC",968,1040,7.17
"311",11,"District of Columbia","12","A",811,803,-0.99
"312",11,"District of Columbia","12","AIC",908,914,0.66
"313",11,"District of Columbia","13","A",788,716,-9.57
"314",11,"District of Columbia","13","AIC",859,807,-6.24
"315",11,"District of Columbia","14","A",474,459,-3.22
"316",11,"District of Columbia","14","AIC",530,507,-4.44
"317",11,"District of Columbia","15","A",303,352,14.96
"318",11,"District of Columbia","15","AIC",327,392,18.08
"319",11,"District of Columbia","16","A",261,235,-10.48
"320",11,"District of Columbia","16","AIC",272,260,-4.51
"321",11,"District of Columbia","17","A",160,164,2.47
"322",11,"District of Columbia","17","AIC",166,179,7.54
"323",11,"District of Columbia","18","A",212,173,-20.26
"324",11,"District of Columbia","18","AIC",221,194,-13.01
"325",12,"Florida","1","A",32217,28094,-13.67
"326",12,"Florida","1","AIC",47263,43649,-7.95
"327",12,"Florida","2","A",30229,30135,-0.31
"328",12,"Florida","2","AIC",44125,43761,-0.83
"329",12,"Florida","3","A",28228,28992,2.67
"330",12,"Florida","3","AIC",38694,40995,5.77
"331",12,"Florida","4","A",26293,30460,14.68
"332",12,"Florida","4","AIC",35151,41256,15.98
"333",12,"Florida","5","A",28108,34690,20.96
"334",12,"Florida","5","AIC",36169,44083,19.72
"335",12,"Florida","6","A",33401,37613,11.86
"336",12,"Florida","6","AIC",40898,45740,11.18
"337",12,"Florida","7","A",38194,39598,3.61
"338",12,"Florida","7","AIC",44799,46793,4.35
"339",12,"Florida","8","A",41893,42903,2.38
"340",12,"Florida","8","AIC",47519,49550,4.18
"341",12,"Florida","9","A",38536,39788,3.2
"342",12,"Florida","9","AIC",43292,45366,4.68
"343",12,"Florida","10","A",34298,35894,4.55
"344",12,"Florida","10","AIC",38828,41039,5.54
"345",12,"Florida","11","A",30746,32737,6.27
"346",12,"Florida","11","AIC",34907,36971,5.74
"347",12,"Florida","12","A",26382,28378,7.29
"348",12,"Florida","12","AIC",29610,31625,6.58
"349",12,"Florida","13","A",22313,22937,2.76
"350",12,"Florida","13","AIC",24816,25480,2.64
"351",12,"Florida","14","A",16136,16434,1.83
"352",12,"Florida","14","AIC",17863,18162,1.66
"353",12,"Florida","15","A",12275,11870,-3.35
"354",12,"Florida","15","AIC",13548,13209,-2.53
"355",12,"Florida","16","A",8195,7212,-12.76
"356",12,"Florida","16","AIC",9068,8184,-10.25
"357",12,"Florida","17","A",4899,4003,-20.13
"358",12,"Florida","17","AIC",5442,4575,-17.31
"359",12,"Florida","18","A",3944,2461,-46.31
"360",12,"Florida","18","AIC",4392,2933,-39.84
"361",13,"Georgia","1","A",23766,22773,-4.27
"362",13,"Georgia","1","AIC",31159,30733,-1.38
"363",13,"Georgia","2","A",24022,24320,1.23
"364",13,"Georgia","2","AIC",31113,30845,-0.87
"365",13,"Georgia","3","A",20071,21795,8.24
"366",13,"Georgia","3","AIC",25364,27257,7.19
"367",13,"Georgia","4","A",18382,22037,18.09
"368",13,"Georgia","4","AIC",22793,26714,15.84
"369",13,"Georgia","5","A",17807,23672,28.28
"370",13,"Georgia","5","AIC",21266,27958,27.19
"371",13,"Georgia","6","A",23018,27595,18.09
"372",13,"Georgia","6","AIC",26301,31329,17.45
"373",13,"Georgia","7","A",26728,29024,8.24
"374",13,"Georgia","7","AIC",29588,32353,8.93
"375",13,"Georgia","8","A",31154,32768,5.05
"376",13,"Georgia","8","AIC",33665,35805,6.16
"377",13,"Georgia","9","A",26665,27794,4.15
"378",13,"Georgia","9","AIC",28699,29956,4.29
"379",13,"Georgia","10","A",22094,23791,7.4
"380",13,"Georgia","10","AIC",23856,25574,6.95
"381",13,"Georgia","11","A",18568,20055,7.7
"382",13,"Georgia","11","AIC",19924,21436,7.31
"383",13,"Georgia","12","A",15107,15860,4.86
"384",13,"Georgia","12","AIC",16196,16926,4.41
"385",13,"Georgia","13","A",11874,12053,1.5
"386",13,"Georgia","13","AIC",12669,12754,0.67
"387",13,"Georgia","14","A",8076,8340,3.22
"388",13,"Georgia","14","AIC",8638,8809,1.96
"389",13,"Georgia","15","A",5562,5507,-0.99
"390",13,"Georgia","15","AIC",5896,5845,-0.87
"391",13,"Georgia","16","A",3208,3305,2.98
"392",13,"Georgia","16","AIC",3449,3548,2.83
"393",13,"Georgia","17","A",1790,1686,-5.98
"394",13,"Georgia","17","AIC",1962,1837,-6.58
"395",13,"Georgia","18","A",1398,1084,-25.3
"396",13,"Georgia","18","AIC",1575,1171,-29.42
"397",15,"Hawaii","1","A",23216,19976,-15
"398",15,"Hawaii","1","AIC",48718,51330,5.22
"399",15,"Hawaii","2","A",24258,22258,-8.6
"400",15,"Hawaii","2","AIC",44098,51387,15.27
"401",15,"Hawaii","3","A",20710,24422,16.45
"402",15,"Hawaii","3","AIC",39972,51564,25.33
"403",15,"Hawaii","4","A",23302,27199,15.43
"404",15,"Hawaii","4","AIC",43161,53492,21.38
"405",15,"Hawaii","5","A",23599,26765,12.57
"406",15,"Hawaii","5","AIC",41032,47358,14.31
"407",15,"Hawaii","6","A",27368,28654,4.59
"408",15,"Hawaii","6","AIC",43472,48555,11.05
"409",15,"Hawaii","7","A",29676,29563,-0.38
"410",15,"Hawaii","7","AIC",42611,46392,8.5
"411",15,"Hawaii","8","A",31173,33890,8.35
"412",15,"Hawaii","8","AIC",42114,48797,14.7
"413",15,"Hawaii","9","A",33862,37721,10.78
"414",15,"Hawaii","9","AIC",44531,51741,14.98
"415",15,"Hawaii","10","A",37272,41645,11.08
"416",15,"Hawaii","10","AIC",47774,55002,14.07
"417",15,"Hawaii","11","A",39119,44168,12.12
"418",15,"Hawaii","11","AIC",48637,55763,13.65
"419",15,"Hawaii","12","A",37301,42425,12.85
"420",15,"Hawaii","12","AIC",45253,51790,13.47
"421",15,"Hawaii","13","A",34084,38258,11.54
"422",15,"Hawaii","13","AIC",39986,45130,12.09
"423",15,"Hawaii","14","A",26726,29262,9.06
"424",15,"Hawaii","14","AIC",30701,34105,10.51
"425",15,"Hawaii","15","A",22289,22906,2.73
"426",15,"Hawaii","15","AIC",24867,25928,4.18
"427",15,"Hawaii","16","A",21676,21410,-1.23
"428",15,"Hawaii","16","AIC",23610,23509,-0.43
"429",15,"Hawaii","17","A",21171,19950,-5.94
"430",15,"Hawaii","17","AIC",22460,21392,-4.87
"431",15,"Hawaii","18","A",24987,21161,-16.58
"432",15,"Hawaii","18","AIC",26110,22253,-15.95
"433",16,"Idaho","1","A",1568,1253,-22.33
"434",16,"Idaho","1","AIC",3396,2996,-12.52
"435",16,"Idaho","2","A",1741,1521,-13.49
"436",16,"Idaho","2","AIC",3409,3064,-10.66
"437",16,"Idaho","3","A",1273,1349,5.8
"438",16,"Idaho","3","AIC",2624,2763,5.16
"439",16,"Idaho","4","A",1110,1382,21.83
"440",16,"Idaho","4","AIC",2233,2677,18.09
"441",16,"Idaho","5","A",1353,1674,21.21
"442",16,"Idaho","5","AIC",2186,2606,17.53
"443",16,"Idaho","6","A",1444,1834,23.79
"444",16,"Idaho","6","AIC",2074,2614,23.04
"445",16,"Idaho","7","A",1648,1711,3.75
"446",16,"Idaho","7","AIC",2262,2380,5.08
"447",16,"Idaho","8","A",1709,1779,4.01
"448",16,"Idaho","8","AIC",2160,2337,7.87
"449",16,"Idaho","9","A",1415,1481,4.56
"450",16,"Idaho","9","AIC",1790,1931,7.58
"451",16,"Idaho","10","A",1226,1374,11.38
"452",16,"Idaho","10","AIC",1509,1777,16.31
"453",16,"Idaho","11","A",1050,1245,16.99
"454",16,"Idaho","11","AIC",1265,1547,20.06
"455",16,"Idaho","12","A",940,1058,11.81
"456",16,"Idaho","12","AIC",1068,1252,15.86
"457",16,"Idaho","13","A",724,804,10.47
"458",16,"Idaho","13","AIC",786,931,16.89
"459",16,"Idaho","14","A",475,534,11.69
"460",16,"Idaho","14","AIC",529,620,15.84
"461",16,"Idaho","15","A",308,325,5.37
"462",16,"Idaho","15","AIC",360,353,-1.96
"463",16,"Idaho","16","A",277,285,2.85
"464",16,"Idaho","16","AIC",303,317,4.52
"465",16,"Idaho","17","A",231,218,-5.79
"466",16,"Idaho","17","AIC",255,234,-8.59
"467",16,"Idaho","18","A",287,207,-32.39
"468",16,"Idaho","18","AIC",312,226,-31.97
"469",17,"Illinois","1","A",43549,40361,-7.6
"470",17,"Illinois","1","AIC",53821,53745,-0.14
"471",17,"Illinois","2","A",41042,40230,-2
"472",17,"Illinois","2","AIC",49693,51415,3.41
"473",17,"Illinois","3","A",34836,35705,2.46
"474",17,"Illinois","3","AIC",41801,44481,6.21
"475",17,"Illinois","4","A",34792,36186,3.93
"476",17,"Illinois","4","AIC",40478,43510,7.22
"477",17,"Illinois","5","A",39777,45527,13.48
"478",17,"Illinois","5","AIC",44830,51655,14.15
"479",17,"Illinois","6","A",45506,56750,21.99
"480",17,"Illinois","6","AIC",50181,62435,21.76
"481",17,"Illinois","7","A",50675,56928,11.62
"482",17,"Illinois","7","AIC",54776,61553,11.65
"483",17,"Illinois","8","A",53385,55798,4.42
"484",17,"Illinois","8","AIC",56902,59573,4.59
"485",17,"Illinois","9","A",46433,46294,-0.3
"486",17,"Illinois","9","AIC",49090,49446,0.72
"487",17,"Illinois","10","A",38162,39570,3.62
"488",17,"Illinois","10","AIC",40607,42106,3.62
"489",17,"Illinois","11","A",34836,36263,4.01
"490",17,"Illinois","11","AIC",37064,38344,3.39
"491",17,"Illinois","12","A",31711,33904,6.68
"492",17,"Illinois","12","AIC",33470,35478,5.82
"493",17,"Illinois","13","A",27592,29034,5.09
"494",17,"Illinois","13","AIC",28864,30190,4.49
"495",17,"Illinois","14","A",19379,20557,5.9
"496",17,"Illinois","14","AIC",20085,21294,5.84
"497",17,"Illinois","15","A",13434,13835,2.94
"498",17,"Illinois","15","AIC",13984,14394,2.89
"499",17,"Illinois","16","A",8494,8240,-3.04
"500",17,"Illinois","16","AIC",8885,8660,-2.56
"501",17,"Illinois","17","A",5800,5250,-9.95
"502",17,"Illinois","17","AIC",6074,5523,-9.5
"503",17,"Illinois","18","A",5416,3967,-30.89
"504",17,"Illinois","18","AIC",5723,4186,-31.02
"505",18,"Indiana","1","A",7571,7992,5.41
"506",18,"Indiana","1","AIC",10530,12007,13.11
"507",18,"Indiana","2","A",7317,7936,8.12
"508",18,"Indiana","2","AIC",9889,11499,15.06
"509",18,"Indiana","3","A",6178,6794,9.5
"510",18,"Indiana","3","AIC",8798,9692,9.67
"511",18,"Indiana","4","A",6537,7806,17.7
"512",18,"Indiana","4","AIC",8713,10594,19.49
"513",18,"Indiana","5","A",9063,11881,26.91
"514",18,"Indiana","5","AIC",10790,14195,27.26
"515",18,"Indiana","6","A",7872,10554,29.11
"516",18,"Indiana","6","AIC",9272,12198,27.26
"517",18,"Indiana","7","A",8103,9910,20.06
"518",18,"Indiana","7","AIC",9365,11301,18.74
"519",18,"Indiana","8","A",9415,9677,2.74
"520",18,"Indiana","8","AIC",10512,10820,2.89
"521",18,"Indiana","9","A",8437,8057,-4.61
"522",18,"Indiana","9","AIC",9240,8892,-3.84
"523",18,"Indiana","10","A",6690,6444,-3.75
"524",18,"Indiana","10","AIC",7391,7224,-2.29
"525",18,"Indiana","11","A",5249,5279,0.57
"526",18,"Indiana","11","AIC",5842,5873,0.53
"527",18,"Indiana","12","A",4256,4200,-1.32
"528",18,"Indiana","12","AIC",4661,4610,-1.1
"529",18,"Indiana","13","A",3562,3433,-3.69
"530",18,"Indiana","13","AIC",3831,3704,-3.37
"531",18,"Indiana","14","A",2199,2243,1.98
"532",18,"Indiana","14","AIC",2432,2426,-0.25
"533",18,"Indiana","15","A",1577,1514,-4.08
"534",18,"Indiana","15","AIC",1760,1640,-7.06
"535",18,"Indiana","16","A",1023,961,-6.25
"536",18,"Indiana","16","AIC",1152,1064,-7.94
"537",18,"Indiana","17","A",663,534,-21.55
"538",18,"Indiana","17","AIC",780,618,-23.18
"539",18,"Indiana","18","A",543,320,-51.68
"540",18,"Indiana","18","AIC",629,367,-52.61
"541",19,"Iowa","1","A",4658,3889,-17.99
"542",19,"Iowa","1","AIC",6305,5918,-6.33
"543",19,"Iowa","2","A",4139,4080,-1.44
"544",19,"Iowa","2","AIC",5522,5886,6.38
"545",19,"Iowa","3","A",3572,3629,1.58
"546",19,"Iowa","3","AIC",4847,5168,6.41
"547",19,"Iowa","4","A",3678,4318,16.01
"548",19,"Iowa","4","AIC",4792,5638,16.22
"549",19,"Iowa","5","A",5067,6879,30.34
"550",19,"Iowa","5","AIC",6040,7921,26.95
"551",19,"Iowa","6","A",5344,5865,9.3
"552",19,"Iowa","6","AIC",5913,6613,11.18
"553",19,"Iowa","7","A",4959,5040,1.62
"554",19,"Iowa","7","AIC",5452,5592,2.54
"555",19,"Iowa","8","A",4860,4831,-0.6
"556",19,"Iowa","8","AIC",5307,5329,0.41
"557",19,"Iowa","9","A",4036,3948,-2.2
"558",19,"Iowa","9","AIC",4331,4299,-0.74
"559",19,"Iowa","10","A",3128,3086,-1.35
"560",19,"Iowa","10","AIC",3416,3403,-0.38
"561",19,"Iowa","11","A",2267,2380,4.86
"562",19,"Iowa","11","AIC",2520,2595,2.93
"563",19,"Iowa","12","A",1973,2051,3.88
"564",19,"Iowa","12","AIC",2149,2229,3.65
"565",19,"Iowa","13","A",1514,1551,2.41
"566",19,"Iowa","13","AIC",1625,1658,2.01
"567",19,"Iowa","14","A",1097,1087,-0.92
"568",19,"Iowa","14","AIC",1171,1153,-1.55
"569",19,"Iowa","15","A",757,721,-4.87
"570",19,"Iowa","15","AIC",809,782,-3.39
"571",19,"Iowa","16","A",494,469,-5.19
"572",19,"Iowa","16","AIC",541,507,-6.49
"573",19,"Iowa","17","A",306,267,-13.61
"574",19,"Iowa","17","AIC",349,298,-15.77
"575",19,"Iowa","18","A",209,141,-38.86
"576",19,"Iowa","18","AIC",247,165,-39.81
"577",20,"Kansas","1","A",5803,5229,-10.41
"578",20,"Kansas","1","AIC",7806,8358,6.83
"579",20,"Kansas","2","A",4995,5438,8.49
"580",20,"Kansas","2","AIC",6739,7978,16.84
"581",20,"Kansas","3","A",4149,4662,11.64
"582",20,"Kansas","3","AIC",5592,6677,17.69
"583",20,"Kansas","4","A",3721,4778,24.87
"584",20,"Kansas","4","AIC",5008,6384,24.16
"585",20,"Kansas","5","A",5640,6691,17.05
"586",20,"Kansas","5","AIC",6740,8103,18.37
"587",20,"Kansas","6","A",6055,6765,11.08
"588",20,"Kansas","6","AIC",6921,7885,13.02
"589",20,"Kansas","7","A",5861,6222,5.98
"590",20,"Kansas","7","AIC",6559,7185,9.11
"591",20,"Kansas","8","A",6680,6625,-0.83
"592",20,"Kansas","8","AIC",7335,7452,1.58
"593",20,"Kansas","9","A",5214,5380,3.13
"594",20,"Kansas","9","AIC",5661,5881,3.81
"595",20,"Kansas","10","A",4297,4300,0.07
"596",20,"Kansas","10","AIC",4694,4770,1.61
"597",20,"Kansas","11","A",3530,3637,2.99
"598",20,"Kansas","11","AIC",3853,4073,5.55
"599",20,"Kansas","12","A",3137,3228,2.86
"600",20,"Kansas","12","AIC",3336,3502,4.86
"601",20,"Kansas","13","A",2553,2537,-0.63
"602",20,"Kansas","13","AIC",2722,2680,-1.55
"603",20,"Kansas","14","A",1632,1693,3.67
"604",20,"Kansas","14","AIC",1720,1797,4.38
"605",20,"Kansas","15","A",1125,1113,-1.07
"606",20,"Kansas","15","AIC",1208,1169,-3.28
"607",20,"Kansas","16","A",679,682,0.44
"608",20,"Kansas","16","AIC",730,730,0
"609",20,"Kansas","17","A",434,370,-15.92
"610",20,"Kansas","17","AIC",493,401,-20.58
"611",20,"Kansas","18","A",395,278,-34.77
"612",20,"Kansas","18","AIC",445,308,-36.39
"613",21,"Kentucky","1","A",4197,4007,-4.63
"614",21,"Kentucky","1","AIC",5749,6276,8.77
"615",21,"Kentucky","2","A",3902,4359,11.06
"616",21,"Kentucky","2","AIC",5401,6188,13.58
"617",21,"Kentucky","3","A",2834,3404,18.28
"618",21,"Kentucky","3","AIC",4143,4811,14.92
"619",21,"Kentucky","4","A",2617,3068,15.87
"620",21,"Kentucky","4","AIC",3650,4307,16.51
"621",21,"Kentucky","5","A",3573,3940,9.77
"622",21,"Kentucky","5","AIC",4548,5095,11.35
"623",21,"Kentucky","6","A",3754,4834,25.15
"624",21,"Kentucky","6","AIC",4571,5832,24.24
"625",21,"Kentucky","7","A",4424,4971,11.64
"626",21,"Kentucky","7","AIC",5104,5863,13.84
"627",21,"Kentucky","8","A",4997,5059,1.23
"628",21,"Kentucky","8","AIC",5612,5790,3.12
"629",21,"Kentucky","9","A",4273,4150,-2.92
"630",21,"Kentucky","9","AIC",4747,4652,-2.02
"631",21,"Kentucky","10","A",3185,3231,1.43
"632",21,"Kentucky","10","AIC",3607,3674,1.84
"633",21,"Kentucky","11","A",2546,2521,-0.99
"634",21,"Kentucky","11","AIC",2909,2880,-1
"635",21,"Kentucky","12","A",2158,2087,-3.35
"636",21,"Kentucky","12","AIC",2432,2329,-4.33
"637",21,"Kentucky","13","A",1883,1747,-7.49
"638",21,"Kentucky","13","AIC",2087,1932,-7.71
"639",21,"Kentucky","14","A",1129,1160,2.71
"640",21,"Kentucky","14","AIC",1248,1290,3.31
"641",21,"Kentucky","15","A",857,804,-6.38
"642",21,"Kentucky","15","AIC",944,907,-4
"643",21,"Kentucky","16","A",533,442,-18.67
"644",21,"Kentucky","16","AIC",616,535,-14.07
"645",21,"Kentucky","17","A",290,250,-14.81
"646",21,"Kentucky","17","AIC",366,323,-12.48
"647",21,"Kentucky","18","A",185,143,-25.61
"648",21,"Kentucky","18","AIC",271,177,-41.96
"649",22,"Louisiana","1","A",5277,4668,-12.25
"650",22,"Louisiana","1","AIC",7687,6883,-11.04
"651",22,"Louisiana","2","A",5240,4661,-11.7
"652",22,"Louisiana","2","AIC",7716,6415,-18.41
"653",22,"Louisiana","3","A",4503,4347,-3.53
"654",22,"Louisiana","3","AIC",6145,5673,-7.99
"655",22,"Louisiana","4","A",4433,4696,5.76
"656",22,"Louisiana","4","AIC",5722,5956,4.01
"657",22,"Louisiana","5","A",5750,6714,15.47
"658",22,"Louisiana","5","AIC",6973,7988,13.57
"659",22,"Louisiana","6","A",5391,7239,29.26
"660",22,"Louisiana","6","AIC",6520,8408,25.29
"661",22,"Louisiana","7","A",5482,6345,14.59
"662",22,"Louisiana","7","AIC",6399,7286,12.96
"663",22,"Louisiana","8","A",6031,6250,3.57
"664",22,"Louisiana","8","AIC",6760,7034,3.97
"665",22,"Louisiana","9","A",5198,5352,2.92
"666",22,"Louisiana","9","AIC",5792,5935,2.44
"667",22,"Louisiana","10","A",4555,4832,5.9
"668",22,"Louisiana","10","AIC",5130,5383,4.81
"669",22,"Louisiana","11","A",4405,4659,5.6
"670",22,"Louisiana","11","AIC",4973,5166,3.81
"671",22,"Louisiana","12","A",3878,4134,6.39
"672",22,"Louisiana","12","AIC",4367,4580,4.76
"673",22,"Louisiana","13","A",2960,3107,4.85
"674",22,"Louisiana","13","AIC",3298,3388,2.69
"675",22,"Louisiana","14","A",1850,1914,3.4
"676",22,"Louisiana","14","AIC",2083,2144,2.89
"677",22,"Louisiana","15","A",1363,1252,-8.49
"678",22,"Louisiana","15","AIC",1548,1420,-8.63
"679",22,"Louisiana","16","A",817,820,0.37
"680",22,"Louisiana","16","AIC",939,933,-0.64
"681",22,"Louisiana","17","A",610,491,-21.62
"682",22,"Louisiana","17","AIC",726,572,-23.73
"683",22,"Louisiana","18","A",444,348,-24.24
"684",22,"Louisiana","18","AIC",528,410,-25.16
"685",23,"Maine","1","A",1098,869,-23.28
"686",23,"Maine","1","AIC",1824,1681,-8.16
"687",23,"Maine","2","A",1167,1017,-13.74
"688",23,"Maine","2","AIC",1867,1728,-7.73
"689",23,"Maine","3","A",1082,1065,-1.58
"690",23,"Maine","3","AIC",1645,1639,-0.37
"691",23,"Maine","4","A",1060,1526,36.04
"692",23,"Maine","4","AIC",1471,2074,34.02
"693",23,"Maine","5","A",936,1078,14.1
"694",23,"Maine","5","AIC",1278,1532,18.08
"695",23,"Maine","6","A",898,1091,19.41
"696",23,"Maine","6","AIC",1122,1368,19.76
"697",23,"Maine","7","A",915,1083,16.82
"698",23,"Maine","7","AIC",1115,1331,17.66
"699",23,"Maine","8","A",1221,1200,-1.73
"700",23,"Maine","8","AIC",1408,1421,0.92
"701",23,"Maine","9","A",1029,1088,5.57
"702",23,"Maine","9","AIC",1187,1291,8.39
"703",23,"Maine","10","A",932,880,-5.74
"704",23,"Maine","10","AIC",1079,1070,-0.84
"705",23,"Maine","11","A",830,832,0.24
"706",23,"Maine","11","AIC",952,981,3
"707",23,"Maine","12","A",629,707,11.68
"708",23,"Maine","12","AIC",712,805,12.26
"709",23,"Maine","13","A",513,528,2.88
"710",23,"Maine","13","AIC",552,579,4.77
"711",23,"Maine","14","A",313,312,-0.32
"712",23,"Maine","14","AIC",347,355,2.28
"713",23,"Maine","15","A",205,238,14.9
"714",23,"Maine","15","AIC",230,273,17.1
"715",23,"Maine","16","A",162,148,-9.03
"716",23,"Maine","16","AIC",185,163,-12.64
"717",23,"Maine","17","A",109,76,-35.68
"718",23,"Maine","17","AIC",123,89,-32.08
"719",23,"Maine","18","A",68,45,-40.71
"720",23,"Maine","18","AIC",96,65,-38.51
"721",24,"Maryland","1","A",22509,21160,-6.18
"722",24,"Maryland","1","AIC",28410,29510,3.8
"723",24,"Maryland","2","A",20861,21478,2.91
"724",24,"Maryland","2","AIC",26119,28425,8.46
"725",24,"Maryland","3","A",18483,19738,6.57
"726",24,"Maryland","3","AIC",22511,25402,12.07
"727",24,"Maryland","4","A",17495,20183,14.27
"728",24,"Maryland","4","AIC",20788,25102,18.8
"729",24,"Maryland","5","A",17802,21776,20.08
"730",24,"Maryland","5","AIC",20660,25527,21.08
"731",24,"Maryland","6","A",22025,25991,16.52
"732",24,"Maryland","6","AIC",24541,29394,18
"733",24,"Maryland","7","A",27116,28624,5.41
"734",24,"Maryland","7","AIC",29217,31543,7.66
"735",24,"Maryland","8","A",28197,30066,6.42
"736",24,"Maryland","8","AIC",30050,32654,8.31
"737",24,"Maryland","9","A",25417,26823,5.38
"738",24,"Maryland","9","AIC",27122,29090,7
"739",24,"Maryland","10","A",23565,25266,6.97
"740",24,"Maryland","10","AIC",25210,27218,7.66
"741",24,"Maryland","11","A",20825,22652,8.4
"742",24,"Maryland","11","AIC",22148,24315,9.33
"743",24,"Maryland","12","A",17303,18388,6.08
"744",24,"Maryland","12","AIC",18295,19638,7.08
"745",24,"Maryland","13","A",14466,15484,6.8
"746",24,"Maryland","13","AIC",15301,16284,6.22
"747",24,"Maryland","14","A",10836,10869,0.3
"748",24,"Maryland","14","AIC",11342,11399,0.5
"749",24,"Maryland","15","A",8127,8032,-1.18
"750",24,"Maryland","15","AIC",8458,8453,-0.06
"751",24,"Maryland","16","A",5306,5070,-4.55
"752",24,"Maryland","16","AIC",5541,5380,-2.95
"753",24,"Maryland","17","A",3329,2961,-11.7
"754",24,"Maryland","17","AIC",3491,3161,-9.92
"755",24,"Maryland","18","A",2925,2094,-33.11
"756",24,"Maryland","18","AIC",3078,2297,-29.06
"757",25,"Massachusetts","1","A",26612,24510,-8.22
"758",25,"Massachusetts","1","AIC",32322,32044,-0.86
"759",25,"Massachusetts","2","A",24769,24141,-2.57
"760",25,"Massachusetts","2","AIC",29355,30458,3.69
"761",25,"Massachusetts","3","A",20957,21041,0.4
"762",25,"Massachusetts","3","AIC",23850,25575,6.98
"763",25,"Massachusetts","4","A",23791,26084,9.19
"764",25,"Massachusetts","4","AIC",26931,30600,12.75
"765",25,"Massachusetts","5","A",26727,33756,23.24
"766",25,"Massachusetts","5","AIC",29903,38128,24.18
"767",25,"Massachusetts","6","A",30468,36696,18.55
"768",25,"Massachusetts","6","AIC",32950,39775,18.77
"769",25,"Massachusetts","7","A",32839,34499,4.93
"770",25,"Massachusetts","7","AIC",34879,36853,5.5
"771",25,"Massachusetts","8","A",34531,33874,-1.92
"772",25,"Massachusetts","8","AIC",36323,35866,-1.27
"773",25,"Massachusetts","9","A",28639,27511,-4.02
"774",25,"Massachusetts","9","AIC",30084,29199,-2.99
"775",25,"Massachusetts","10","A",24142,24218,0.31
"776",25,"Massachusetts","10","AIC",25356,25656,1.18
"777",25,"Massachusetts","11","A",19876,19957,0.41
"778",25,"Massachusetts","11","AIC",20943,21113,0.81
"779",25,"Massachusetts","12","A",15788,16270,3.01
"780",25,"Massachusetts","12","AIC",16611,17127,3.06
"781",25,"Massachusetts","13","A",11629,12326,5.82
"782",25,"Massachusetts","13","AIC",12147,12884,5.89
"783",25,"Massachusetts","14","A",7971,8557,7.09
"784",25,"Massachusetts","14","AIC",8327,8909,6.75
"785",25,"Massachusetts","15","A",5955,6677,11.43
"786",25,"Massachusetts","15","AIC",6195,6936,11.29
"787",25,"Massachusetts","16","A",4142,4631,11.15
"788",25,"Massachusetts","16","AIC",4336,4826,10.7
"789",25,"Massachusetts","17","A",2868,2822,-1.62
"790",25,"Massachusetts","17","AIC",3015,2956,-1.98
"791",25,"Massachusetts","18","A",2603,2103,-21.25
"792",25,"Massachusetts","18","AIC",2729,2211,-20.97
"793",26,"Michigan","1","A",18611,17545,-5.9
"794",26,"Michigan","1","AIC",23866,25542,6.78
"795",26,"Michigan","2","A",19500,19328,-0.89
"796",26,"Michigan","2","AIC",23995,26602,10.3
"797",26,"Michigan","3","A",17459,17035,-2.46
"798",26,"Michigan","3","AIC",22212,23252,4.58
"799",26,"Michigan","4","A",16646,17472,4.84
"800",26,"Michigan","4","AIC",20655,22828,9.99
"801",26,"Michigan","5","A",20252,21279,4.95
"802",26,"Michigan","5","AIC",23617,25448,7.46
"803",26,"Michigan","6","A",17926,20634,14.05
"804",26,"Michigan","6","AIC",20620,23738,14.06
"805",26,"Michigan","7","A",19148,21942,13.6
"806",26,"Michigan","7","AIC",21404,24699,14.29
"807",26,"Michigan","8","A",23760,22905,-3.66
"808",26,"Michigan","8","AIC",26008,25521,-1.89
"809",26,"Michigan","9","A",21174,19445,-8.51
"810",26,"Michigan","9","AIC",23023,21597,-6.39
"811",26,"Michigan","10","A",17670,16201,-8.67
"812",26,"Michigan","10","AIC",19342,18081,-6.74
"813",26,"Michigan","11","A",13672,12829,-6.36
"814",26,"Michigan","11","AIC",15115,14476,-4.32
"815",26,"Michigan","12","A",10789,10730,-0.55
"816",26,"Michigan","12","AIC",11866,11897,0.26
"817",26,"Michigan","13","A",9398,9450,0.55
"818",26,"Michigan","13","AIC",10235,10217,-0.18
"819",26,"Michigan","14","A",6533,6606,1.11
"820",26,"Michigan","14","AIC",7031,7165,1.89
"821",26,"Michigan","15","A",4738,4436,-6.58
"822",26,"Michigan","15","AIC",5137,4888,-4.97
"823",26,"Michigan","16","A",2910,2638,-9.81
"824",26,"Michigan","16","AIC",3179,2931,-8.12
"825",26,"Michigan","17","A",1856,1569,-16.76
"826",26,"Michigan","17","AIC",2045,1732,-16.57
"827",26,"Michigan","18","A",1532,1018,-40.31
"828",26,"Michigan","18","AIC",1710,1157,-38.58
"829",27,"Minnesota","1","A",21175,19993,-5.74
"830",27,"Minnesota","1","AIC",25729,27004,4.84
"831",27,"Minnesota","2","A",19039,19439,2.08
"832",27,"Minnesota","2","AIC",22914,25112,9.15
"833",27,"Minnesota","3","A",16159,17903,10.24
"834",27,"Minnesota","3","AIC",19432,21940,12.12
"835",27,"Minnesota","4","A",15914,19915,22.33
"836",27,"Minnesota","4","AIC",18610,23247,22.16
"837",27,"Minnesota","5","A",17517,21698,21.32
"838",27,"Minnesota","5","AIC",19521,24123,21.09
"839",27,"Minnesota","6","A",19997,22410,11.38
"840",27,"Minnesota","6","AIC",21881,24411,10.93
"841",27,"Minnesota","7","A",18678,19382,3.7
"842",27,"Minnesota","7","AIC",20237,21059,3.98
"843",27,"Minnesota","8","A",18557,18649,0.49
"844",27,"Minnesota","8","AIC",19954,20052,0.49
"845",27,"Minnesota","9","A",14553,14451,-0.7
"846",27,"Minnesota","9","AIC",15560,15509,-0.33
"847",27,"Minnesota","10","A",11091,11546,4.02
"848",27,"Minnesota","10","AIC",12002,12369,3.01
"849",27,"Minnesota","11","A",8554,9063,5.78
"850",27,"Minnesota","11","AIC",9299,9749,4.72
"851",27,"Minnesota","12","A",6995,7439,6.15
"852",27,"Minnesota","12","AIC",7523,7847,4.22
"853",27,"Minnesota","13","A",5127,5660,9.88
"854",27,"Minnesota","13","AIC",5406,5958,9.71
"855",27,"Minnesota","14","A",3431,3796,10.1
"856",27,"Minnesota","14","AIC",3612,3972,9.49
"857",27,"Minnesota","15","A",2578,2591,0.5
"858",27,"Minnesota","15","AIC",2729,2710,-0.7
"859",27,"Minnesota","16","A",1713,1794,4.62
"860",27,"Minnesota","16","AIC",1837,1852,0.81
"861",27,"Minnesota","17","A",1038,1099,5.71
"862",27,"Minnesota","17","AIC",1101,1162,5.39
"863",27,"Minnesota","18","A",979,964,-1.54
"864",27,"Minnesota","18","AIC",1113,1015,-9.21
"865",28,"Mississippi","1","A",2039,1627,-22.48
"866",28,"Mississippi","1","AIC",3348,2695,-21.61
"867",28,"Mississippi","2","A",2061,1878,-9.29
"868",28,"Mississippi","2","AIC",3399,2763,-20.64
"869",28,"Mississippi","3","A",1904,1740,-9
"870",28,"Mississippi","3","AIC",3107,2431,-24.41
"871",28,"Mississippi","4","A",1834,1883,2.64
"872",28,"Mississippi","4","AIC",2811,2576,-8.72
"873",28,"Mississippi","5","A",2284,2220,-2.84
"874",28,"Mississippi","5","AIC",2997,2861,-4.64
"875",28,"Mississippi","6","A",2111,2475,15.87
"876",28,"Mississippi","6","AIC",2752,3034,9.75
"877",28,"Mississippi","7","A",2091,2315,10.17
"878",28,"Mississippi","7","AIC",2587,2753,6.22
"879",28,"Mississippi","8","A",2151,2423,11.89
"880",28,"Mississippi","8","AIC",2539,2783,9.17
"881",28,"Mississippi","9","A",2195,2135,-2.77
"882",28,"Mississippi","9","AIC",2521,2413,-4.38
"883",28,"Mississippi","10","A",1804,1921,6.28
"884",28,"Mississippi","10","AIC",2093,2178,3.98
"885",28,"Mississippi","11","A",1567,1691,7.61
"886",28,"Mississippi","11","AIC",1861,1918,3.02
"887",28,"Mississippi","12","A",1299,1417,8.69
"888",28,"Mississippi","12","AIC",1560,1605,2.84
"889",28,"Mississippi","13","A",1054,1012,-4.07
"890",28,"Mississippi","13","AIC",1196,1144,-4.44
"891",28,"Mississippi","14","A",702,700,-0.29
"892",28,"Mississippi","14","AIC",807,784,-2.89
"893",28,"Mississippi","15","A",531,468,-12.61
"894",28,"Mississippi","15","AIC",613,513,-17.76
"895",28,"Mississippi","16","A",358,281,-24.1
"896",28,"Mississippi","16","AIC",433,336,-25.23
"897",28,"Mississippi","17","A",221,185,-17.73
"898",28,"Mississippi","17","AIC",293,216,-30.26
"899",28,"Mississippi","18","A",182,106,-52.78
"900",28,"Mississippi","18","AIC",236,132,-56.52
"901",29,"Missouri","1","A",8023,6960,-14.19
"902",29,"Missouri","1","AIC",11425,11284,-1.24
"903",29,"Missouri","2","A",7374,7235,-1.9
"904",29,"Missouri","2","AIC",10253,10770,4.92
"905",29,"Missouri","3","A",6107,6165,0.95
"906",29,"Missouri","3","AIC",8578,9124,6.17
"907",29,"Missouri","4","A",5580,6808,19.83
"908",29,"Missouri","4","AIC",7834,9418,18.36
"909",29,"Missouri","5","A",6900,10019,36.87
"910",29,"Missouri","5","AIC",8997,12288,30.92
"911",29,"Missouri","6","A",7583,9973,27.23
"912",29,"Missouri","6","AIC",9104,11873,26.4
"913",29,"Missouri","7","A",8453,9535,12.03
"914",29,"Missouri","7","AIC",9787,11122,12.77
"915",29,"Missouri","8","A",9479,9416,-0.67
"916",29,"Missouri","8","AIC",10638,10789,1.41
"917",29,"Missouri","9","A",7606,7711,1.37
"918",29,"Missouri","9","AIC",8457,8708,2.92
"919",29,"Missouri","10","A",6209,6307,1.57
"920",29,"Missouri","10","AIC",6977,7174,2.78
"921",29,"Missouri","11","A",4963,5176,4.2
"922",29,"Missouri","11","AIC",5628,5902,4.75
"923",29,"Missouri","12","A",4162,4478,7.31
"924",29,"Missouri","12","AIC",4595,4996,8.36
"925",29,"Missouri","13","A",3606,3768,4.39
"926",29,"Missouri","13","AIC",3912,4071,3.98
"927",29,"Missouri","14","A",2506,2614,4.22
"928",29,"Missouri","14","AIC",2740,2851,3.97
"929",29,"Missouri","15","A",1757,1843,4.78
"930",29,"Missouri","15","AIC",1952,2011,2.98
"931",29,"Missouri","16","A",1159,1135,-2.09
"932",29,"Missouri","16","AIC",1306,1253,-4.14
"933",29,"Missouri","17","A",727,662,-9.36
"934",29,"Missouri","17","AIC",840,747,-11.72
"935",29,"Missouri","18","A",528,408,-25.64
"936",29,"Missouri","18","AIC",616,474,-26.06
"937",30,"Montana","1","A",588,309,-62.21
"938",30,"Montana","1","AIC",1277,977,-26.62
"939",30,"Montana","2","A",539,365,-38.5
"940",30,"Montana","2","AIC",1080,916,-16.43
"941",30,"Montana","3","A",493,356,-32.27
"942",30,"Montana","3","AIC",977,902,-7.98
"943",30,"Montana","4","A",556,563,1.25
"944",30,"Montana","4","AIC",975,1070,9.29
"945",30,"Montana","5","A",861,749,-13.91
"946",30,"Montana","5","AIC",1274,1188,-6.99
"947",30,"Montana","6","A",539,557,3.28
"948",30,"Montana","6","AIC",851,880,3.35
"949",30,"Montana","7","A",453,518,13.39
"950",30,"Montana","7","AIC",636,760,17.77
"951",30,"Montana","8","A",552,486,-12.72
"952",30,"Montana","8","AIC",706,700,-0.85
"953",30,"Montana","9","A",480,471,-1.89
"954",30,"Montana","9","AIC",599,631,5.2
"955",30,"Montana","10","A",378,444,16.06
"956",30,"Montana","10","AIC",525,604,13.99
"957",30,"Montana","11","A",384,425,10.14
"958",30,"Montana","11","AIC",498,561,11.9
"959",30,"Montana","12","A",334,358,6.94
"960",30,"Montana","12","AIC",416,466,11.34
"961",30,"Montana","13","A",258,310,18.31
"962",30,"Montana","13","AIC",316,377,17.6
"963",30,"Montana","14","A",129,150,15.05
"964",30,"Montana","14","AIC",155,185,17.65
"965",30,"Montana","15","A",121,111,-8.62
"966",30,"Montana","15","AIC",158,141,-11.37
"967",30,"Montana","16","A",121,96,-23.04
"968",30,"Montana","16","AIC",136,109,-22.04
"969",30,"Montana","17","A",58,61,5.04
"970",30,"Montana","17","AIC",79,71,-10.67
"971",30,"Montana","18","A",71,50,-34.71
"972",30,"Montana","18","AIC",86,66,-26.32
"973",31,"Nebraska","1","A",3122,2669,-15.64
"974",31,"Nebraska","1","AIC",4413,4231,-4.21
"975",31,"Nebraska","2","A",2784,2747,-1.34
"976",31,"Nebraska","2","AIC",3802,3970,4.32
"977",31,"Nebraska","3","A",2269,2272,0.13
"978",31,"Nebraska","3","AIC",3143,3308,5.12
"979",31,"Nebraska","4","A",2237,2448,9.01
"980",31,"Nebraska","4","AIC",3012,3341,10.36
"981",31,"Nebraska","5","A",2551,3407,28.73
"982",31,"Nebraska","5","AIC",3234,4168,25.24
"983",31,"Nebraska","6","A",2831,3620,24.46
"984",31,"Nebraska","6","AIC",3432,4252,21.34
"985",31,"Nebraska","7","A",2621,3062,15.52
"986",31,"Nebraska","7","AIC",3054,3590,16.13
"987",31,"Nebraska","8","A",3037,3021,-0.53
"988",31,"Nebraska","8","AIC",3371,3454,2.43
"989",31,"Nebraska","9","A",2440,2481,1.67
"990",31,"Nebraska","9","AIC",2718,2802,3.04
"991",31,"Nebraska","10","A",1741,1860,6.61
"992",31,"Nebraska","10","AIC",1964,2126,7.92
"993",31,"Nebraska","11","A",1457,1534,5.15
"994",31,"Nebraska","11","AIC",1642,1738,5.68
"995",31,"Nebraska","12","A",1225,1318,7.31
"996",31,"Nebraska","12","AIC",1353,1448,6.78
"997",31,"Nebraska","13","A",1095,1115,1.81
"998",31,"Nebraska","13","AIC",1181,1192,0.93
"999",31,"Nebraska","14","A",720,716,-0.56
"1000",31,"Nebraska","14","AIC",756,761,0.66
"1001",31,"Nebraska","15","A",472,478,1.26
"1002",31,"Nebraska","15","AIC",521,508,-2.53
"1003",31,"Nebraska","16","A",273,275,0.73
"1004",31,"Nebraska","16","AIC",313,295,-5.92
"1005",31,"Nebraska","17","A",177,174,-1.71
"1006",31,"Nebraska","17","AIC",203,195,-4.02
"1007",31,"Nebraska","18","A",183,125,-37.66
"1008",31,"Nebraska","18","AIC",215,133,-47.13
"1009",32,"Nevada","1","A",11070,10420,-6.05
"1010",32,"Nevada","1","AIC",17073,18068,5.66
"1011",32,"Nevada","2","A",11236,11354,1.04
"1012",32,"Nevada","2","AIC",16632,17801,6.79
"1013",32,"Nevada","3","A",9555,12088,23.41
"1014",32,"Nevada","3","AIC",13432,17681,27.31
"1015",32,"Nevada","4","A",9010,12441,31.99
"1016",32,"Nevada","4","AIC",12052,17089,34.57
"1017",32,"Nevada","5","A",9600,13401,33.05
"1018",32,"Nevada","5","AIC",12258,17270,33.95
"1019",32,"Nevada","6","A",13415,15450,14.1
"1020",32,"Nevada","6","AIC",16323,19336,16.9
"1021",32,"Nevada","7","A",15111,15925,5.25
"1022",32,"Nevada","7","AIC",17495,19364,10.14
"1023",32,"Nevada","8","A",15792,17237,8.75
"1024",32,"Nevada","8","AIC",17741,20075,12.34
"1025",32,"Nevada","9","A",14676,16505,11.73
"1026",32,"Nevada","9","AIC",16146,18637,14.32
"1027",32,"Nevada","10","A",13881,15941,13.82
"1028",32,"Nevada","10","AIC",15248,17652,14.61
"1029",32,"Nevada","11","A",12919,14927,14.42
"1030",32,"Nevada","11","AIC",14112,16298,14.38
"1031",32,"Nevada","12","A",12034,13670,12.73
"1032",32,"Nevada","12","AIC",12925,14703,12.87
"1033",32,"Nevada","13","A",10669,12042,12.09
"1034",32,"Nevada","13","AIC",11354,12838,12.27
"1035",32,"Nevada","14","A",7581,8622,12.85
"1036",32,"Nevada","14","AIC",8046,9192,13.3
"1037",32,"Nevada","15","A",5654,6181,8.91
"1038",32,"Nevada","15","AIC",5969,6544,9.19
"1039",32,"Nevada","16","A",4001,3966,-0.88
"1040",32,"Nevada","16","AIC",4203,4202,-0.02
"1041",32,"Nevada","17","A",2407,2132,-12.12
"1042",32,"Nevada","17","AIC",2540,2260,-11.67
"1043",32,"Nevada","18","A",1689,1176,-35.81
"1044",32,"Nevada","18","AIC",1797,1259,-35.21
"1045",33,"New Hampshire","1","A",2380,2390,0.42
"1046",33,"New Hampshire","1","AIC",3188,3479,8.73
"1047",33,"New Hampshire","2","A",2296,2335,1.68
"1048",33,"New Hampshire","2","AIC",3163,3287,3.84
"1049",33,"New Hampshire","3","A",1771,1917,7.92
"1050",33,"New Hampshire","3","AIC",2338,2741,15.87
"1051",33,"New Hampshire","4","A",1466,1810,21
"1052",33,"New Hampshire","4","AIC",2017,2518,22.09
"1053",33,"New Hampshire","5","A",1683,2221,27.56
"1054",33,"New Hampshire","5","AIC",2111,2694,24.27
"1055",33,"New Hampshire","6","A",1944,2533,26.31
"1056",33,"New Hampshire","6","AIC",2236,2860,24.49
"1057",33,"New Hampshire","7","A",2536,2946,14.96
"1058",33,"New Hampshire","7","AIC",2785,3246,15.29
"1059",33,"New Hampshire","8","A",2919,3123,6.75
"1060",33,"New Hampshire","8","AIC",3159,3394,7.17
"1061",33,"New Hampshire","9","A",2274,2434,6.8
"1062",33,"New Hampshire","9","AIC",2481,2680,7.71
"1063",33,"New Hampshire","10","A",1817,1992,9.19
"1064",33,"New Hampshire","10","AIC",1989,2207,10.39
"1065",33,"New Hampshire","11","A",1442,1526,5.66
"1066",33,"New Hampshire","11","AIC",1577,1707,7.92
"1067",33,"New Hampshire","12","A",1204,1298,7.51
"1068",33,"New Hampshire","12","AIC",1289,1409,8.9
"1069",33,"New Hampshire","13","A",918,973,5.82
"1070",33,"New Hampshire","13","AIC",1013,1036,2.24
"1071",33,"New Hampshire","14","A",653,627,-4.06
"1072",33,"New Hampshire","14","AIC",704,662,-6.15
"1073",33,"New Hampshire","15","A",412,323,-24.22
"1074",33,"New Hampshire","15","AIC",432,351,-20.69
"1075",33,"New Hampshire","16","A",277,257,-7.49
"1076",33,"New Hampshire","16","AIC",302,284,-6.14
"1077",33,"New Hampshire","17","A",151,130,-14.95
"1078",33,"New Hampshire","17","AIC",178,141,-23.2
"1079",33,"New Hampshire","18","A",164,98,-50.38
"1080",33,"New Hampshire","18","AIC",179,108,-49.48
"1081",34,"New Jersey","1","A",52323,52915,1.13
"1082",34,"New Jersey","1","AIC",60630,63254,4.24
"1083",34,"New Jersey","2","A",51277,52472,2.3
"1084",34,"New Jersey","2","AIC",58560,61244,4.48
"1085",34,"New Jersey","3","A",45759,48073,4.93
"1086",34,"New Jersey","3","AIC",51061,55236,7.86
"1087",34,"New Jersey","4","A",40049,43972,9.34
"1088",34,"New Jersey","4","AIC",43709,49520,12.47
"1089",34,"New Jersey","5","A",37263,42810,13.85
"1090",34,"New Jersey","5","AIC",40429,46783,14.57
"1091",34,"New Jersey","6","A",52284,61749,16.6
"1092",34,"New Jersey","6","AIC",55525,65214,16.05
"1093",34,"New Jersey","7","A",62811,71101,12.38
"1094",34,"New Jersey","7","AIC",65879,74364,12.1
"1095",34,"New Jersey","8","A",66810,71800,7.2
"1096",34,"New Jersey","8","AIC",69797,74886,7.03
"1097",34,"New Jersey","9","A",60296,61961,2.72
"1098",34,"New Jersey","9","AIC",62859,64767,2.99
"1099",34,"New Jersey","10","A",55427,56869,2.57
"1100",34,"New Jersey","10","AIC",57985,59593,2.74
"1101",34,"New Jersey","11","A",48695,50832,4.29
"1102",34,"New Jersey","11","AIC",50971,53107,4.1
"1103",34,"New Jersey","12","A",37693,40454,7.07
"1104",34,"New Jersey","12","AIC",39373,42164,6.85
"1105",34,"New Jersey","13","A",31174,33395,6.88
"1106",34,"New Jersey","13","AIC",32385,34580,6.56
"1107",34,"New Jersey","14","A",21824,23114,5.74
"1108",34,"New Jersey","14","AIC",22584,23962,5.92
"1109",34,"New Jersey","15","A",15842,16088,1.54
"1110",34,"New Jersey","15","AIC",16411,16723,1.88
"1111",34,"New Jersey","16","A",10269,9596,-6.78
"1112",34,"New Jersey","16","AIC",10637,10035,-5.82
"1113",34,"New Jersey","17","A",6250,5317,-16.13
"1114",34,"New Jersey","17","AIC",6530,5654,-14.38
"1115",34,"New Jersey","18","A",5495,3694,-39.2
"1116",34,"New Jersey","18","AIC",5728,3981,-35.99
"1117",35,"New Mexico","1","A",2336,1882,-21.53
"1118",35,"New Mexico","1","AIC",3999,3741,-6.67
"1119",35,"New Mexico","2","A",2350,2082,-12.09
"1120",35,"New Mexico","2","AIC",3992,3608,-10.11
"1121",35,"New Mexico","3","A",2055,2016,-1.92
"1122",35,"New Mexico","3","AIC",3304,3358,1.62
"1123",35,"New Mexico","4","A",1675,1978,16.59
"1124",35,"New Mexico","4","AIC",2611,3194,20.09
"1125",35,"New Mexico","5","A",1948,2344,18.45
"1126",35,"New Mexico","5","AIC",2955,3446,15.34
"1127",35,"New Mexico","6","A",2402,2634,9.21
"1128",35,"New Mexico","6","AIC",3323,3595,7.86
"1129",35,"New Mexico","7","A",2535,2737,7.66
"1130",35,"New Mexico","7","AIC",3232,3527,8.73
"1131",35,"New Mexico","8","A",2492,2669,6.86
"1132",35,"New Mexico","8","AIC",3048,3285,7.48
"1133",35,"New Mexico","9","A",2199,2494,12.57
"1134",35,"New Mexico","9","AIC",2662,3032,13
"1135",35,"New Mexico","10","A",2165,2367,8.91
"1136",35,"New Mexico","10","AIC",2563,2877,11.54
"1137",35,"New Mexico","11","A",1835,2092,13.09
"1138",35,"New Mexico","11","AIC",2199,2565,15.37
"1139",35,"New Mexico","12","A",1639,1836,11.34
"1140",35,"New Mexico","12","AIC",1864,2141,13.83
"1141",35,"New Mexico","13","A",1415,1526,7.55
"1142",35,"New Mexico","13","AIC",1554,1750,11.86
"1143",35,"New Mexico","14","A",945,949,0.42
"1144",35,"New Mexico","14","AIC",1065,1068,0.28
"1145",35,"New Mexico","15","A",669,669,0
"1146",35,"New Mexico","15","AIC",755,761,0.79
"1147",35,"New Mexico","16","A",468,445,-5.04
"1148",35,"New Mexico","16","AIC",545,510,-6.64
"1149",35,"New Mexico","17","A",355,340,-4.32
"1150",35,"New Mexico","17","AIC",401,376,-6.44
"1151",35,"New Mexico","18","A",264,193,-31.07
"1152",35,"New Mexico","18","AIC",313,234,-28.88
"1153",36,"New York","1","A",100333,83953,-17.78
"1154",36,"New York","1","AIC",117931,103795,-12.75
"1155",36,"New York","2","A",95095,84672,-11.6
"1156",36,"New York","2","AIC",110076,100472,-9.12
"1157",36,"New York","3","A",80021,84255,5.15
"1158",36,"New York","3","AIC",90170,97232,7.54
"1159",36,"New York","4","A",81900,96979,16.86
"1160",36,"New York","4","AIC",90772,109434,18.64
"1161",36,"New York","5","A",92229,122603,28.28
"1162",36,"New York","5","AIC",101483,134631,28.08
"1163",36,"New York","6","A",111904,135182,18.84
"1164",36,"New York","6","AIC",120950,146505,19.11
"1165",36,"New York","7","A",123512,130059,5.16
"1166",36,"New York","7","AIC",131527,139873,6.15
"1167",36,"New York","8","A",120907,122983,1.7
"1168",36,"New York","8","AIC",128147,131386,2.5
"1169",36,"New York","9","A",113090,113173,0.07
"1170",36,"New York","9","AIC",119814,120661,0.7
"1171",36,"New York","10","A",107855,112188,3.94
"1172",36,"New York","10","AIC",114304,119144,4.15
"1173",36,"New York","11","A",101050,105678,4.48
"1174",36,"New York","11","AIC",106693,111739,4.62
"1175",36,"New York","12","A",83652,87220,4.18
"1176",36,"New York","12","AIC",88164,91646,3.87
"1177",36,"New York","13","A",69173,70642,2.1
"1178",36,"New York","13","AIC",72640,74082,1.97
"1179",36,"New York","14","A",44654,46150,3.3
"1180",36,"New York","14","AIC",46609,48494,3.96
"1181",36,"New York","15","A",34969,35350,1.08
"1182",36,"New York","15","AIC",36531,37037,1.38
"1183",36,"New York","16","A",24495,23940,-2.29
"1184",36,"New York","16","AIC",25493,25108,-1.52
"1185",36,"New York","17","A",15470,14820,-4.29
"1186",36,"New York","17","AIC",16224,15549,-4.25
"1187",36,"New York","18","A",14759,11708,-23.06
"1188",36,"New York","18","AIC",15383,12293,-22.33
"1189",37,"North Carolina","1","A",17090,16736,-2.09
"1190",37,"North Carolina","1","AIC",23230,24471,5.2
"1191",37,"North Carolina","2","A",16147,16819,4.08
"1192",37,"North Carolina","2","AIC",21867,23407,6.8
"1193",37,"North Carolina","3","A",13567,15137,10.94
"1194",37,"North Carolina","3","AIC",17824,20059,11.8
"1195",37,"North Carolina","4","A",12495,14874,17.38
"1196",37,"North Carolina","4","AIC",15952,18964,17.25
"1197",37,"North Carolina","5","A",13475,17329,25.02
"1198",37,"North Carolina","5","AIC",16616,21128,23.91
"1199",37,"North Carolina","6","A",16094,20534,24.24
"1200",37,"North Carolina","6","AIC",18740,23706,23.4
"1201",37,"North Carolina","7","A",18823,20669,9.35
"1202",37,"North Carolina","7","AIC",21001,23605,11.68
"1203",37,"North Carolina","8","A",20504,21103,2.88
"1204",37,"North Carolina","8","AIC",22588,23602,4.39
"1205",37,"North Carolina","9","A",17205,17833,3.58
"1206",37,"North Carolina","9","AIC",18678,19631,4.98
"1207",37,"North Carolina","10","A",13627,14474,6.03
"1208",37,"North Carolina","10","AIC",14798,15887,7.1
"1209",37,"North Carolina","11","A",11069,11833,6.67
"1210",37,"North Carolina","11","AIC",12062,12971,7.26
"1211",37,"North Carolina","12","A",8903,9467,6.14
"1212",37,"North Carolina","12","AIC",9718,10201,4.85
"1213",37,"North Carolina","13","A",6948,7259,4.38
"1214",37,"North Carolina","13","AIC",7591,7749,2.06
"1215",37,"North Carolina","14","A",4700,4887,3.9
"1216",37,"North Carolina","14","AIC",5098,5214,2.25
"1217",37,"North Carolina","15","A",3280,3215,-2
"1218",37,"North Carolina","15","AIC",3561,3470,-2.59
"1219",37,"North Carolina","16","A",2187,2004,-8.73
"1220",37,"North Carolina","16","AIC",2357,2171,-8.22
"1221",37,"North Carolina","17","A",1238,1098,-11.99
"1222",37,"North Carolina","17","AIC",1368,1206,-12.59
"1223",37,"North Carolina","18","A",1062,681,-43.72
"1224",37,"North Carolina","18","AIC",1212,763,-45.47
"1225",38,"North Dakota","1","A",522,383,-30.72
"1226",38,"North Dakota","1","AIC",865,834,-3.65
"1227",38,"North Dakota","2","A",431,377,-13.37
"1228",38,"North Dakota","2","AIC",743,671,-10.18
"1229",38,"North Dakota","3","A",343,349,1.73
"1230",38,"North Dakota","3","AIC",626,581,-7.46
"1231",38,"North Dakota","4","A",390,513,27.24
"1232",38,"North Dakota","4","AIC",605,765,23.36
"1233",38,"North Dakota","5","A",721,1450,67.16
"1234",38,"North Dakota","5","AIC",1050,1745,49.73
"1235",38,"North Dakota","6","A",582,895,42.38
"1236",38,"North Dakota","6","AIC",773,1104,35.27
"1237",38,"North Dakota","7","A",550,623,12.45
"1238",38,"North Dakota","7","AIC",676,770,13
"1239",38,"North Dakota","8","A",465,604,26.01
"1240",38,"North Dakota","8","AIC",546,709,25.98
"1241",38,"North Dakota","9","A",433,488,11.94
"1242",38,"North Dakota","9","AIC",484,548,12.4
"1243",38,"North Dakota","10","A",302,375,21.57
"1244",38,"North Dakota","10","AIC",364,432,17.09
"1245",38,"North Dakota","11","A",240,253,5.27
"1246",38,"North Dakota","11","AIC",281,308,9.17
"1247",38,"North Dakota","12","A",193,219,12.62
"1248",38,"North Dakota","12","AIC",234,247,5.41
"1249",38,"North Dakota","13","A",200,215,7.23
"1250",38,"North Dakota","13","AIC",226,234,3.48
"1251",38,"North Dakota","14","A",114,134,16.13
"1252",38,"North Dakota","14","AIC",127,147,14.6
"1253",38,"North Dakota","15","A",75,56,-29.01
"1254",38,"North Dakota","15","AIC",95,73,-26.19
"1255",38,"North Dakota","16","A",37,44,17.28
"1256",38,"North Dakota","16","AIC",49,52,5.94
"1257",38,"North Dakota","17","A",35,36,2.82
"1258",38,"North Dakota","17","AIC",39,42,7.41
"1259",38,"North Dakota","18","A",27,18,-40
"1260",38,"North Dakota","18","AIC",37,19,-64.29
"1261",39,"Ohio","1","A",15050,13923,-7.78
"1262",39,"Ohio","1","AIC",20534,21602,5.07
"1263",39,"Ohio","2","A",14186,14453,1.86
"1264",39,"Ohio","2","AIC",18732,21289,12.78
"1265",39,"Ohio","3","A",12545,12086,-3.73
"1266",39,"Ohio","3","AIC",16841,17575,4.27
"1267",39,"Ohio","4","A",11013,12368,11.59
"1268",39,"Ohio","4","AIC",14538,17145,16.46
"1269",39,"Ohio","5","A",11772,16906,35.8
"1270",39,"Ohio","5","AIC",14574,20799,35.2
"1271",39,"Ohio","6","A",14713,19317,27.06
"1272",39,"Ohio","6","AIC",17125,22382,26.61
"1273",39,"Ohio","7","A",17392,19146,9.6
"1274",39,"Ohio","7","AIC",19647,21783,10.31
"1275",39,"Ohio","8","A",19188,18618,-3.02
"1276",39,"Ohio","8","AIC",21078,20947,-0.62
"1277",39,"Ohio","9","A",16667,15343,-8.27
"1278",39,"Ohio","9","AIC",18193,17072,-6.36
"1279",39,"Ohio","10","A",13811,13049,-5.67
"1280",39,"Ohio","10","AIC",15131,14621,-3.43
"1281",39,"Ohio","11","A",10889,10766,-1.14
"1282",39,"Ohio","11","AIC",12139,11984,-1.29
"1283",39,"Ohio","12","A",8700,9209,5.68
"1284",39,"Ohio","12","AIC",9648,10020,3.78
"1285",39,"Ohio","13","A",7694,7789,1.23
"1286",39,"Ohio","13","AIC",8375,8349,-0.31
"1287",39,"Ohio","14","A",5402,5519,2.14
"1288",39,"Ohio","14","AIC",5795,5884,1.52
"1289",39,"Ohio","15","A",3827,3723,-2.75
"1290",39,"Ohio","15","AIC",4138,3991,-3.62
"1291",39,"Ohio","16","A",2502,2273,-9.59
"1292",39,"Ohio","16","AIC",2760,2526,-8.85
"1293",39,"Ohio","17","A",1558,1330,-15.79
"1294",39,"Ohio","17","AIC",1764,1491,-16.77
"1295",39,"Ohio","18","A",1348,875,-42.56
"1296",39,"Ohio","18","AIC",1530,980,-43.82
"1297",40,"Oklahoma","1","A",4753,4570,-3.93
"1298",40,"Oklahoma","1","AIC",7596,7821,2.92
"1299",40,"Oklahoma","2","A",4239,4651,9.27
"1300",40,"Oklahoma","2","AIC",6311,7237,13.67
"1301",40,"Oklahoma","3","A",3856,4330,11.58
"1302",40,"Oklahoma","3","AIC",5818,6515,11.3
"1303",40,"Oklahoma","4","A",4204,4958,16.46
"1304",40,"Oklahoma","4","AIC",5840,6936,17.16
"1305",40,"Oklahoma","5","A",6590,6601,0.17
"1306",40,"Oklahoma","5","AIC",8309,8392,0.99
"1307",40,"Oklahoma","6","A",5840,6452,9.96
"1308",40,"Oklahoma","6","AIC",7319,8091,10.02
"1309",40,"Oklahoma","7","A",4986,5609,11.76
"1310",40,"Oklahoma","7","AIC",6009,6873,13.41
"1311",40,"Oklahoma","8","A",6066,5784,-4.76
"1312",40,"Oklahoma","8","AIC",6913,6833,-1.16
"1313",40,"Oklahoma","9","A",4894,5076,3.65
"1314",40,"Oklahoma","9","AIC",5589,5810,3.88
"1315",40,"Oklahoma","10","A",4380,4551,3.83
"1316",40,"Oklahoma","10","AIC",4945,5149,4.04
"1317",40,"Oklahoma","11","A",3633,3906,7.24
"1318",40,"Oklahoma","11","AIC",4133,4512,8.77
"1319",40,"Oklahoma","12","A",3268,3499,6.83
"1320",40,"Oklahoma","12","AIC",3527,3934,10.91
"1321",40,"Oklahoma","13","A",2632,2729,3.62
"1322",40,"Oklahoma","13","AIC",2823,2967,4.97
"1323",40,"Oklahoma","14","A",1675,1738,3.69
"1324",40,"Oklahoma","14","AIC",1816,1882,3.57
"1325",40,"Oklahoma","15","A",1223,1206,-1.4
"1326",40,"Oklahoma","15","AIC",1334,1340,0.45
"1327",40,"Oklahoma","16","A",833,770,-7.86
"1328",40,"Oklahoma","16","AIC",912,863,-5.52
"1329",40,"Oklahoma","17","A",528,447,-16.62
"1330",40,"Oklahoma","17","AIC",578,505,-13.48
"1331",40,"Oklahoma","18","A",386,249,-43.15
"1332",40,"Oklahoma","18","AIC",436,283,-42.56
"1333",41,"Oregon","1","A",10296,8724,-16.53
"1334",41,"Oregon","1","AIC",16171,16032,-0.86
"1335",41,"Oregon","2","A",10501,9606,-8.9
"1336",41,"Oregon","2","AIC",15603,16015,2.61
"1337",41,"Oregon","3","A",9328,9210,-1.27
"1338",41,"Oregon","3","AIC",13711,14929,8.51
"1339",41,"Oregon","4","A",9433,10264,8.44
"1340",41,"Oregon","4","AIC",13346,15392,14.24
"1341",41,"Oregon","5","A",10591,11336,6.8
"1342",41,"Oregon","5","AIC",13840,15651,12.28
"1343",41,"Oregon","6","A",10967,11461,4.41
"1344",41,"Oregon","6","AIC",13505,14995,10.46
"1345",41,"Oregon","7","A",12521,12280,-1.94
"1346",41,"Oregon","7","AIC",14581,15382,5.35
"1347",41,"Oregon","8","A",14761,13961,-5.57
"1348",41,"Oregon","8","AIC",16614,16380,-1.42
"1349",41,"Oregon","9","A",12332,11915,-3.44
"1350",41,"Oregon","9","AIC",13880,13761,-0.86
"1351",41,"Oregon","10","A",10960,10845,-1.05
"1352",41,"Oregon","10","AIC",12282,12400,0.96
"1353",41,"Oregon","11","A",8990,9227,2.6
"1354",41,"Oregon","11","AIC",10111,10572,4.46
"1355",41,"Oregon","12","A",7526,7874,4.52
"1356",41,"Oregon","12","AIC",8257,8871,7.17
"1357",41,"Oregon","13","A",6157,6125,-0.52
"1358",41,"Oregon","13","AIC",6597,6774,2.65
"1359",41,"Oregon","14","A",4086,4146,1.46
"1360",41,"Oregon","14","AIC",4368,4485,2.64
"1361",41,"Oregon","15","A",2940,3016,2.55
"1362",41,"Oregon","15","AIC",3189,3244,1.71
"1363",41,"Oregon","16","A",2206,2189,-0.77
"1364",41,"Oregon","16","AIC",2344,2335,-0.38
"1365",41,"Oregon","17","A",1664,1577,-5.37
"1366",41,"Oregon","17","AIC",1788,1684,-5.99
"1367",41,"Oregon","18","A",1450,1253,-14.58
"1368",41,"Oregon","18","AIC",1513,1336,-12.43
"1369",42,"Pennsylvania","1","A",27439,24476,-11.41
"1370",42,"Pennsylvania","1","AIC",33517,33342,-0.52
"1371",42,"Pennsylvania","2","A",25278,25222,-0.22
"1372",42,"Pennsylvania","2","AIC",30348,32228,6.01
"1373",42,"Pennsylvania","3","A",21379,22316,4.29
"1374",42,"Pennsylvania","3","AIC",25420,28006,9.68
"1375",42,"Pennsylvania","4","A",22710,26097,13.88
"1376",42,"Pennsylvania","4","AIC",26722,31529,16.5
"1377",42,"Pennsylvania","5","A",23658,33204,33.58
"1378",42,"Pennsylvania","5","AIC",26864,37995,34.32
"1379",42,"Pennsylvania","6","A",26257,34133,26.08
"1380",42,"Pennsylvania","6","AIC",28793,37735,26.88
"1381",42,"Pennsylvania","7","A",29375,32621,10.47
"1382",42,"Pennsylvania","7","AIC",31653,35683,11.97
"1383",42,"Pennsylvania","8","A",29754,31786,6.6
"1384",42,"Pennsylvania","8","AIC",31839,34455,7.89
"1385",42,"Pennsylvania","9","A",26003,26689,2.6
"1386",42,"Pennsylvania","9","AIC",27735,28886,4.07
"1387",42,"Pennsylvania","10","A",23068,24138,4.53
"1388",42,"Pennsylvania","10","AIC",24651,25937,5.08
"1389",42,"Pennsylvania","11","A",19299,20752,7.26
"1390",42,"Pennsylvania","11","AIC",20722,22234,7.04
"1391",42,"Pennsylvania","12","A",15939,17638,10.12
"1392",42,"Pennsylvania","12","AIC",17029,18773,9.74
"1393",42,"Pennsylvania","13","A",12904,14074,8.67
"1394",42,"Pennsylvania","13","AIC",13726,14820,7.66
"1395",42,"Pennsylvania","14","A",9031,9775,7.91
"1396",42,"Pennsylvania","14","AIC",9513,10278,7.73
"1397",42,"Pennsylvania","15","A",6374,6882,7.66
"1398",42,"Pennsylvania","15","AIC",6728,7253,7.51
"1399",42,"Pennsylvania","16","A",4375,4403,0.64
"1400",42,"Pennsylvania","16","AIC",4639,4625,-0.3
"1401",42,"Pennsylvania","17","A",2675,2381,-11.63
"1402",42,"Pennsylvania","17","AIC",2855,2548,-11.36
"1403",42,"Pennsylvania","18","A",2264,1608,-33.88
"1404",42,"Pennsylvania","18","AIC",2439,1734,-33.79
"1405",44,"Rhode Island","1","A",2274,2056,-10.07
"1406",44,"Rhode Island","1","AIC",2989,3109,3.94
"1407",44,"Rhode Island","2","A",2149,2068,-3.84
"1408",44,"Rhode Island","2","AIC",2814,2886,2.53
"1409",44,"Rhode Island","3","A",2070,1935,-6.74
"1410",44,"Rhode Island","3","AIC",2537,2580,1.68
"1411",44,"Rhode Island","4","A",2823,2998,6.01
"1412",44,"Rhode Island","4","AIC",3401,3767,10.21
"1413",44,"Rhode Island","5","A",2800,4043,36.33
"1414",44,"Rhode Island","5","AIC",3344,4769,35.13
"1415",44,"Rhode Island","6","A",2882,3447,17.85
"1416",44,"Rhode Island","6","AIC",3199,3853,18.55
"1417",44,"Rhode Island","7","A",2702,2786,3.06
"1418",44,"Rhode Island","7","AIC",2971,3121,4.92
"1419",44,"Rhode Island","8","A",2473,2350,-5.1
"1420",44,"Rhode Island","8","AIC",2698,2629,-2.59
"1421",44,"Rhode Island","9","A",2108,2111,0.14
"1422",44,"Rhode Island","9","AIC",2324,2326,0.09
"1423",44,"Rhode Island","10","A",1913,1962,2.53
"1424",44,"Rhode Island","10","AIC",2094,2182,4.12
"1425",44,"Rhode Island","11","A",1703,1724,1.23
"1426",44,"Rhode Island","11","AIC",1856,1891,1.87
"1427",44,"Rhode Island","12","A",1323,1357,2.54
"1428",44,"Rhode Island","12","AIC",1480,1488,0.54
"1429",44,"Rhode Island","13","A",974,1086,10.87
"1430",44,"Rhode Island","13","AIC",1053,1185,11.8
"1431",44,"Rhode Island","14","A",650,694,6.55
"1432",44,"Rhode Island","14","AIC",705,749,6.05
"1433",44,"Rhode Island","15","A",519,516,-0.58
"1434",44,"Rhode Island","15","AIC",560,556,-0.72
"1435",44,"Rhode Island","16","A",350,296,-16.72
"1436",44,"Rhode Island","16","AIC",382,326,-15.82
"1437",44,"Rhode Island","17","A",250,200,-22.22
"1438",44,"Rhode Island","17","AIC",268,218,-20.58
"1439",44,"Rhode Island","18","A",222,139,-45.98
"1440",44,"Rhode Island","18","AIC",241,164,-38.02
"1441",45,"South Carolina","1","A",5285,4129,-24.56
"1442",45,"South Carolina","1","AIC",7912,6806,-15.03
"1443",45,"South Carolina","2","A",4976,4394,-12.42
"1444",45,"South Carolina","2","AIC",7118,6691,-6.18
"1445",45,"South Carolina","3","A",4067,3815,-6.39
"1446",45,"South Carolina","3","AIC",5851,5642,-3.64
"1447",45,"South Carolina","4","A",3755,3967,5.49
"1448",45,"South Carolina","4","AIC",5203,5618,7.67
"1449",45,"South Carolina","5","A",4175,4748,12.84
"1450",45,"South Carolina","5","AIC",5572,6293,12.15
"1451",45,"South Carolina","6","A",4639,5458,16.22
"1452",45,"South Carolina","6","AIC",5819,6776,15.2
"1453",45,"South Carolina","7","A",5147,5409,4.96
"1454",45,"South Carolina","7","AIC",6065,6480,6.62
"1455",45,"South Carolina","8","A",6014,5929,-1.42
"1456",45,"South Carolina","8","AIC",6820,6779,-0.6
"1457",45,"South Carolina","9","A",5076,4986,-1.79
"1458",45,"South Carolina","9","AIC",5686,5642,-0.78
"1459",45,"South Carolina","10","A",4332,4315,-0.39
"1460",45,"South Carolina","10","AIC",4902,4903,0.02
"1461",45,"South Carolina","11","A",3641,3766,3.38
"1462",45,"South Carolina","11","AIC",4152,4223,1.7
"1463",45,"South Carolina","12","A",3310,3295,-0.45
"1464",45,"South Carolina","12","AIC",3749,3634,-3.12
"1465",45,"South Carolina","13","A",2782,2716,-2.4
"1466",45,"South Carolina","13","AIC",3091,2959,-4.36
"1467",45,"South Carolina","14","A",1944,1819,-6.64
"1468",45,"South Carolina","14","AIC",2162,1981,-8.74
"1469",45,"South Carolina","15","A",1434,1216,-16.45
"1470",45,"South Carolina","15","AIC",1625,1332,-19.82
"1471",45,"South Carolina","16","A",789,705,-11.24
"1472",45,"South Carolina","16","AIC",906,809,-11.31
"1473",45,"South Carolina","17","A",507,364,-32.84
"1474",45,"South Carolina","17","AIC",583,411,-34.61
"1475",45,"South Carolina","18","A",379,216,-54.79
"1476",45,"South Carolina","18","AIC",461,253,-58.26
"1477",46,"South Dakota","1","A",765,576,-28.19
"1478",46,"South Dakota","1","AIC",1311,1107,-16.87
"1479",46,"South Dakota","2","A",733,605,-19.13
"1480",46,"South Dakota","2","AIC",1165,980,-17.25
"1481",46,"South Dakota","3","A",550,597,8.2
"1482",46,"South Dakota","3","AIC",923,947,2.57
"1483",46,"South Dakota","4","A",425,593,33.01
"1484",46,"South Dakota","4","AIC",739,902,19.87
"1485",46,"South Dakota","5","A",661,931,33.92
"1486",46,"South Dakota","5","AIC",966,1200,21.61
"1487",46,"South Dakota","6","A",711,760,6.66
"1488",46,"South Dakota","6","AIC",896,937,4.47
"1489",46,"South Dakota","7","A",648,729,11.76
"1490",46,"South Dakota","7","AIC",771,867,11.72
"1491",46,"South Dakota","8","A",737,679,-8.19
"1492",46,"South Dakota","8","AIC",837,769,-8.47
"1493",46,"South Dakota","9","A",616,561,-9.35
"1494",46,"South Dakota","9","AIC",699,639,-8.97
"1495",46,"South Dakota","10","A",452,496,9.28
"1496",46,"South Dakota","10","AIC",521,579,10.55
"1497",46,"South Dakota","11","A",344,407,16.78
"1498",46,"South Dakota","11","AIC",394,453,13.93
"1499",46,"South Dakota","12","A",306,285,-7.11
"1500",46,"South Dakota","12","AIC",372,320,-15.03
"1501",46,"South Dakota","13","A",221,230,3.99
"1502",46,"South Dakota","13","AIC",239,251,4.9
"1503",46,"South Dakota","14","A",125,126,0.8
"1504",46,"South Dakota","14","AIC",142,138,-2.86
"1505",46,"South Dakota","15","A",94,93,-1.07
"1506",46,"South Dakota","15","AIC",105,107,1.89
"1507",46,"South Dakota","16","A",58,54,-7.14
"1508",46,"South Dakota","16","AIC",66,65,-1.53
"1509",46,"South Dakota","17","A",42,37,-12.66
"1510",46,"South Dakota","17","AIC",44,43,-2.3
"1511",46,"South Dakota","18","A",39,16,-83.64
"1512",46,"South Dakota","18","AIC",54,19,-95.89
"1513",47,"Tennessee","1","A",7585,6977,-8.35
"1514",47,"Tennessee","1","AIC",10634,10525,-1.03
"1515",47,"Tennessee","2","A",7043,7458,5.72
"1516",47,"Tennessee","2","AIC",9959,10570,5.95
"1517",47,"Tennessee","3","A",5812,6290,7.9
"1518",47,"Tennessee","3","AIC",8207,8678,5.58
"1519",47,"Tennessee","4","A",5668,6156,8.25
"1520",47,"Tennessee","4","AIC",7857,8237,4.72
"1521",47,"Tennessee","5","A",5813,6768,15.18
"1522",47,"Tennessee","5","AIC",7521,8621,13.63
"1523",47,"Tennessee","6","A",6978,8668,21.6
"1524",47,"Tennessee","6","AIC",8477,10463,20.97
"1525",47,"Tennessee","7","A",8221,8898,7.91
"1526",47,"Tennessee","7","AIC",9477,10428,9.56
"1527",47,"Tennessee","8","A",9041,9250,2.29
"1528",47,"Tennessee","8","AIC",10145,10477,3.22
"1529",47,"Tennessee","9","A",8117,7789,-4.12
"1530",47,"Tennessee","9","AIC",8933,8729,-2.31
"1531",47,"Tennessee","10","A",6545,6450,-1.46
"1532",47,"Tennessee","10","AIC",7281,7292,0.15
"1533",47,"Tennessee","11","A",5193,5324,2.49
"1534",47,"Tennessee","11","AIC",5803,6036,3.94
"1535",47,"Tennessee","12","A",4548,4671,2.67
"1536",47,"Tennessee","12","AIC",5062,5151,1.74
"1537",47,"Tennessee","13","A",3658,3554,-2.88
"1538",47,"Tennessee","13","AIC",3993,3846,-3.75
"1539",47,"Tennessee","14","A",2357,2408,2.14
"1540",47,"Tennessee","14","AIC",2558,2596,1.47
"1541",47,"Tennessee","15","A",1641,1520,-7.66
"1542",47,"Tennessee","15","AIC",1800,1670,-7.49
"1543",47,"Tennessee","16","A",1003,926,-7.98
"1544",47,"Tennessee","16","AIC",1134,1033,-9.32
"1545",47,"Tennessee","17","A",638,515,-21.34
"1546",47,"Tennessee","17","AIC",728,598,-19.61
"1547",47,"Tennessee","18","A",436,275,-45.29
"1548",47,"Tennessee","18","AIC",509,330,-42.67
"1549",48,"Texas","1","A",72722,71772,-1.31
"1550",48,"Texas","1","AIC",93250,94010,0.81
"1551",48,"Texas","2","A",72546,74220,2.28
"1552",48,"Texas","2","AIC",92935,92951,0.02
"1553",48,"Texas","3","A",60900,66580,8.91
"1554",48,"Texas","3","AIC",74890,81974,9.03
"1555",48,"Texas","4","A",53095,64070,18.73
"1556",48,"Texas","4","AIC",63910,77194,18.83
"1557",48,"Texas","5","A",53367,73222,31.37
"1558",48,"Texas","5","AIC",63102,84120,28.55
"1559",48,"Texas","6","A",69209,86988,22.76
"1560",48,"Texas","6","AIC",79175,97359,20.6
"1561",48,"Texas","7","A",82859,89406,7.6
"1562",48,"Texas","7","AIC",91617,98781,7.53
"1563",48,"Texas","8","A",91424,96737,5.65
"1564",48,"Texas","8","AIC",98718,105106,6.27
"1565",48,"Texas","9","A",79317,83219,4.8
"1566",48,"Texas","9","AIC",84745,89577,5.54
"1567",48,"Texas","10","A",66959,71832,7.02
"1568",48,"Texas","10","AIC",71916,77249,7.15
"1569",48,"Texas","11","A",57082,62008,8.27
"1570",48,"Texas","11","AIC",61008,66617,8.79
"1571",48,"Texas","12","A",48577,52227,7.24
"1572",48,"Texas","12","AIC",51334,55447,7.7
"1573",48,"Texas","13","A",38739,41015,5.71
"1574",48,"Texas","13","AIC",40658,43149,5.94
"1575",48,"Texas","14","A",25299,27098,6.87
"1576",48,"Texas","14","AIC",26486,28477,7.24
"1577",48,"Texas","15","A",17294,18220,5.21
"1578",48,"Texas","15","AIC",18166,19276,5.93
"1579",48,"Texas","16","A",11109,11215,0.95
"1580",48,"Texas","16","AIC",11798,11926,1.08
"1581",48,"Texas","17","A",6947,6446,-7.48
"1582",48,"Texas","17","AIC",7381,6900,-6.74
"1583",48,"Texas","18","A",5835,4198,-32.63
"1584",48,"Texas","18","AIC",6219,4518,-31.68
"1585",49,"Utah","1","A",5445,3640,-39.74
"1586",49,"Utah","1","AIC",9282,7923,-15.8
"1587",49,"Utah","2","A",4948,3953,-22.36
"1588",49,"Utah","2","AIC",8530,7527,-12.49
"1589",49,"Utah","3","A",3941,3822,-3.07
"1590",49,"Utah","3","AIC",6683,6807,1.84
"1591",49,"Utah","4","A",3834,4469,15.3
"1592",49,"Utah","4","AIC",6144,7028,13.42
"1593",49,"Utah","5","A",5242,5785,9.85
"1594",49,"Utah","5","AIC",7213,7962,9.87
"1595",49,"Utah","6","A",4916,5716,15.05
"1596",49,"Utah","6","AIC",6410,7494,15.59
"1597",49,"Utah","7","A",4901,5078,3.55
"1598",49,"Utah","7","AIC",6076,6528,7.17
"1599",49,"Utah","8","A",5339,4985,-6.86
"1600",49,"Utah","8","AIC",6235,5945,-4.76
"1601",49,"Utah","9","A",4647,4348,-6.65
"1602",49,"Utah","9","AIC",5233,5031,-3.94
"1603",49,"Utah","10","A",3533,3832,8.12
"1604",49,"Utah","10","AIC",4018,4382,8.67
"1605",49,"Utah","11","A",2938,3289,11.27
"1606",49,"Utah","11","AIC",3399,3746,9.71
"1607",49,"Utah","12","A",2694,2766,2.64
"1608",49,"Utah","12","AIC",2962,3069,3.55
"1609",49,"Utah","13","A",2236,2157,-3.6
"1610",49,"Utah","13","AIC",2401,2348,-2.23
"1611",49,"Utah","14","A",1462,1358,-7.38
"1612",49,"Utah","14","AIC",1590,1465,-8.18
"1613",49,"Utah","15","A",1046,936,-11.1
"1614",49,"Utah","15","AIC",1130,999,-12.31
"1615",49,"Utah","16","A",819,670,-20.01
"1616",49,"Utah","16","AIC",896,724,-21.23
"1617",49,"Utah","17","A",545,510,-6.64
"1618",49,"Utah","17","AIC",593,550,-7.52
"1619",49,"Utah","18","A",584,486,-18.32
"1620",49,"Utah","18","AIC",615,509,-18.86
"1621",50,"Vermont","1","A",503,452,-10.68
"1622",50,"Vermont","1","AIC",872,879,0.8
"1623",50,"Vermont","2","A",547,584,6.54
"1624",50,"Vermont","2","AIC",811,944,15.16
"1625",50,"Vermont","3","A",568,629,10.19
"1626",50,"Vermont","3","AIC",797,903,12.47
"1627",50,"Vermont","4","A",607,848,33.13
"1628",50,"Vermont","4","AIC",862,1230,35.18
"1629",50,"Vermont","5","A",885,901,1.79
"1630",50,"Vermont","5","AIC",1097,1162,5.75
"1631",50,"Vermont","6","A",566,723,24.36
"1632",50,"Vermont","6","AIC",662,872,27.38
"1633",50,"Vermont","7","A",588,651,10.17
"1634",50,"Vermont","7","AIC",685,793,14.61
"1635",50,"Vermont","8","A",699,740,5.7
"1636",50,"Vermont","8","AIC",780,867,10.56
"1637",50,"Vermont","9","A",612,595,-2.82
"1638",50,"Vermont","9","AIC",698,698,0
"1639",50,"Vermont","10","A",462,514,10.66
"1640",50,"Vermont","10","AIC",510,591,14.71
"1641",50,"Vermont","11","A",350,407,15.06
"1642",50,"Vermont","11","AIC",384,469,19.93
"1643",50,"Vermont","12","A",335,349,4.09
"1644",50,"Vermont","12","AIC",357,387,8.06
"1645",50,"Vermont","13","A",237,278,15.92
"1646",50,"Vermont","13","AIC",268,298,10.6
"1647",50,"Vermont","14","A",150,154,2.63
"1648",50,"Vermont","14","AIC",160,161,0.62
"1649",50,"Vermont","15","A",131,100,-26.84
"1650",50,"Vermont","15","AIC",144,116,-21.54
"1651",50,"Vermont","16","A",85,73,-15.19
"1652",50,"Vermont","16","AIC",90,79,-13.02
"1653",50,"Vermont","17","A",55,44,-22.22
"1654",50,"Vermont","17","AIC",69,46,-40
"1655",50,"Vermont","18","A",47,27,-54.05
"1656",50,"Vermont","18","AIC",61,35,-54.17
"1657",51,"Virginia","1","A",31397,31380,-0.05
"1658",51,"Virginia","1","AIC",41032,44814,8.81
"1659",51,"Virginia","2","A",29359,31661,7.55
"1660",51,"Virginia","2","AIC",37833,43159,13.15
"1661",51,"Virginia","3","A",24081,27433,13.01
"1662",51,"Virginia","3","AIC",30796,36879,17.98
"1663",51,"Virginia","4","A",22661,27110,17.88
"1664",51,"Virginia","4","AIC",28380,35089,21.14
"1665",51,"Virginia","5","A",25722,30675,17.56
"1666",51,"Virginia","5","AIC",30930,37494,19.19
"1667",51,"Virginia","6","A",33011,38553,15.49
"1668",51,"Virginia","6","AIC",37843,44693,16.6
"1669",51,"Virginia","7","A",37309,41689,11.09
"1670",51,"Virginia","7","AIC",41321,46848,12.54
"1671",51,"Virginia","8","A",41334,44969,8.42
"1672",51,"Virginia","8","AIC",44807,49376,9.7
"1673",51,"Virginia","9","A",35381,38174,7.59
"1674",51,"Virginia","9","AIC",38165,41727,8.92
"1675",51,"Virginia","10","A",30340,33642,10.32
"1676",51,"Virginia","10","AIC",32783,36671,11.2
"1677",51,"Virginia","11","A",25902,28648,10.07
"1678",51,"Virginia","11","AIC",28040,31072,10.26
"1679",51,"Virginia","12","A",21688,23071,6.18
"1680",51,"Virginia","12","AIC",23180,24778,6.66
"1681",51,"Virginia","13","A",17974,18852,4.77
"1682",51,"Virginia","13","AIC",19064,19996,4.77
"1683",51,"Virginia","14","A",12683,13178,3.83
"1684",51,"Virginia","14","AIC",13395,13932,3.93
"1685",51,"Virginia","15","A",9261,9090,-1.86
"1686",51,"Virginia","15","AIC",9768,9643,-1.29
"1687",51,"Virginia","16","A",6191,5816,-6.25
"1688",51,"Virginia","16","AIC",6554,6205,-5.47
"1689",51,"Virginia","17","A",3696,3140,-16.27
"1690",51,"Virginia","17","AIC",3950,3370,-15.85
"1691",51,"Virginia","18","A",2765,2068,-28.84
"1692",51,"Virginia","18","AIC",3005,2248,-28.82
"1693",53,"Washington","1","A",34016,29772,-13.31
"1694",53,"Washington","1","AIC",49556,50686,2.25
"1695",53,"Washington","2","A",32121,30321,-5.77
"1696",53,"Washington","2","AIC",45414,47853,5.23
"1697",53,"Washington","3","A",26943,28676,6.23
"1698",53,"Washington","3","AIC",38935,43937,12.07
"1699",53,"Washington","4","A",27025,33549,21.54
"1700",53,"Washington","4","AIC",37039,47166,24.05
"1701",53,"Washington","5","A",29920,36759,20.51
"1702",53,"Washington","5","AIC",38396,47804,21.83
"1703",53,"Washington","6","A",40394,41552,2.83
"1704",53,"Washington","6","AIC",47906,51314,6.87
"1705",53,"Washington","7","A",43846,42240,-3.73
"1706",53,"Washington","7","AIC",49807,50381,1.15
"1707",53,"Washington","8","A",44972,44488,-1.08
"1708",53,"Washington","8","AIC",49977,51040,2.1
"1709",53,"Washington","9","A",37671,39042,3.57
"1710",53,"Washington","9","AIC",41941,44054,4.91
"1711",53,"Washington","10","A",34242,36075,5.21
"1712",53,"Washington","10","AIC",37900,40422,6.44
"1713",53,"Washington","11","A",31009,32654,5.17
"1714",53,"Washington","11","AIC",34005,36293,6.51
"1715",53,"Washington","12","A",27151,28438,4.63
"1716",53,"Washington","12","AIC",29226,30867,5.46
"1717",53,"Washington","13","A",22011,22645,2.84
"1718",53,"Washington","13","AIC",23284,24051,3.24
"1719",53,"Washington","14","A",15421,15362,-0.38
"1720",53,"Washington","14","AIC",16199,16218,0.12
"1721",53,"Washington","15","A",11924,11726,-1.67
"1722",53,"Washington","15","AIC",12436,12265,-1.38
"1723",53,"Washington","16","A",8448,8328,-1.43
"1724",53,"Washington","16","AIC",8829,8711,-1.35
"1725",53,"Washington","17","A",6074,5603,-8.07
"1726",53,"Washington","17","AIC",6322,5816,-8.34
"1727",53,"Washington","18","A",5477,4455,-20.58
"1728",53,"Washington","18","AIC",5717,4659,-20.39
"1729",54,"West Virginia","1","A",802,730,-9.4
"1730",54,"West Virginia","1","AIC",1299,1343,3.33
"1731",54,"West Virginia","2","A",793,763,-3.86
"1732",54,"West Virginia","2","AIC",1281,1281,0
"1733",54,"West Virginia","3","A",717,672,-6.48
"1734",54,"West Virginia","3","AIC",1074,1098,2.21
"1735",54,"West Virginia","4","A",814,780,-4.27
"1736",54,"West Virginia","4","AIC",1170,1199,2.45
"1737",54,"West Virginia","5","A",1603,1304,-20.57
"1738",54,"West Virginia","5","AIC",1931,1673,-14.32
"1739",54,"West Virginia","6","A",1057,1254,17.05
"1740",54,"West Virginia","6","AIC",1284,1552,18.9
"1741",54,"West Virginia","7","A",884,1099,21.68
"1742",54,"West Virginia","7","AIC",1117,1362,19.77
"1743",54,"West Virginia","8","A",1058,1088,2.8
"1744",54,"West Virginia","8","AIC",1240,1292,4.11
"1745",54,"West Virginia","9","A",868,910,4.72
"1746",54,"West Virginia","9","AIC",998,1054,5.46
"1747",54,"West Virginia","10","A",832,844,1.43
"1748",54,"West Virginia","10","AIC",952,979,2.8
"1749",54,"West Virginia","11","A",688,730,5.92
"1750",54,"West Virginia","11","AIC",830,855,2.97
"1751",54,"West Virginia","12","A",634,676,6.41
"1752",54,"West Virginia","12","AIC",770,804,4.32
"1753",54,"West Virginia","13","A",637,654,2.63
"1754",54,"West Virginia","13","AIC",737,738,0.14
"1755",54,"West Virginia","14","A",493,520,5.33
"1756",54,"West Virginia","14","AIC",545,578,5.88
"1757",54,"West Virginia","15","A",350,321,-8.64
"1758",54,"West Virginia","15","AIC",413,372,-10.45
"1759",54,"West Virginia","16","A",191,150,-24.05
"1760",54,"West Virginia","16","AIC",230,195,-16.47
"1761",54,"West Virginia","17","A",130,88,-38.53
"1762",54,"West Virginia","17","AIC",162,106,-41.79
"1763",54,"West Virginia","18","A",115,54,-72.19
"1764",54,"West Virginia","18","AIC",170,75,-77.55
"1765",55,"Wisconsin","1","A",12446,12554,0.86
"1766",55,"Wisconsin","1","AIC",15675,16730,6.51
"1767",55,"Wisconsin","2","A",11462,11874,3.53
"1768",55,"Wisconsin","2","AIC",14316,15426,7.46
"1769",55,"Wisconsin","3","A",10413,11135,6.7
"1770",55,"Wisconsin","3","AIC",12797,13914,8.36
"1771",55,"Wisconsin","4","A",11269,12991,14.2
"1772",55,"Wisconsin","4","AIC",13239,15298,14.43
"1773",55,"Wisconsin","5","A",13464,14622,8.25
"1774",55,"Wisconsin","5","AIC",15125,16423,8.23
"1775",55,"Wisconsin","6","A",11781,13839,16.07
"1776",55,"Wisconsin","6","AIC",13064,15305,15.8
"1777",55,"Wisconsin","7","A",10005,11156,10.88
"1778",55,"Wisconsin","7","AIC",11113,12351,10.55
"1779",55,"Wisconsin","8","A",9876,9928,0.53
"1780",55,"Wisconsin","8","AIC",10855,10932,0.71
"1781",55,"Wisconsin","9","A",8487,8154,-4
"1782",55,"Wisconsin","9","AIC",9268,8955,-3.44
"1783",55,"Wisconsin","10","A",6776,6818,0.62
"1784",55,"Wisconsin","10","AIC",7407,7407,0
"1785",55,"Wisconsin","11","A",5130,5172,0.82
"1786",55,"Wisconsin","11","AIC",5692,5742,0.87
"1787",55,"Wisconsin","12","A",4084,4305,5.27
"1788",55,"Wisconsin","12","AIC",4444,4635,4.21
"1789",55,"Wisconsin","13","A",3080,3282,6.35
"1790",55,"Wisconsin","13","AIC",3337,3500,4.77
"1791",55,"Wisconsin","14","A",2103,2199,4.46
"1792",55,"Wisconsin","14","AIC",2291,2338,2.03
"1793",55,"Wisconsin","15","A",1454,1555,6.71
"1794",55,"Wisconsin","15","AIC",1575,1656,5.01
"1795",55,"Wisconsin","16","A",1037,1056,1.82
"1796",55,"Wisconsin","16","AIC",1135,1141,0.53
"1797",55,"Wisconsin","17","A",720,654,-9.61
"1798",55,"Wisconsin","17","AIC",775,713,-8.33
"1799",55,"Wisconsin","18","A",676,534,-23.47
"1800",55,"Wisconsin","18","AIC",754,584,-25.41
"1801",56,"Wyoming","1","A",448,267,-50.63
"1802",56,"Wyoming","1","AIC",877,644,-30.64
"1803",56,"Wyoming","2","A",478,262,-58.38
"1804",56,"Wyoming","2","AIC",856,580,-38.44
"1805",56,"Wyoming","3","A",332,248,-28.97
"1806",56,"Wyoming","3","AIC",593,547,-8.07
"1807",56,"Wyoming","4","A",275,291,5.65
"1808",56,"Wyoming","4","AIC",500,538,7.32
"1809",56,"Wyoming","5","A",455,616,30.07
"1810",56,"Wyoming","5","AIC",682,855,22.51
"1811",56,"Wyoming","6","A",413,517,22.37
"1812",56,"Wyoming","6","AIC",582,688,16.69
"1813",56,"Wyoming","7","A",439,366,-18.14
"1814",56,"Wyoming","7","AIC",552,528,-4.44
"1815",56,"Wyoming","8","A",413,400,-3.2
"1816",56,"Wyoming","8","AIC",506,513,1.37
"1817",56,"Wyoming","9","A",308,327,5.98
"1818",56,"Wyoming","9","AIC",374,403,7.46
"1819",56,"Wyoming","10","A",267,292,8.94
"1820",56,"Wyoming","10","AIC",336,369,9.36
"1821",56,"Wyoming","11","A",234,302,25.37
"1822",56,"Wyoming","11","AIC",300,366,19.82
"1823",56,"Wyoming","12","A",223,275,20.88
"1824",56,"Wyoming","12","AIC",267,318,17.44
"1825",56,"Wyoming","13","A",167,174,4.11
"1826",56,"Wyoming","13","AIC",181,206,12.92
"1827",56,"Wyoming","14","A",120,107,-11.45
"1828",56,"Wyoming","14","AIC",130,119,-8.84
"1829",56,"Wyoming","15","A",100,71,-33.92
"1830",56,"Wyoming","15","AIC",112,82,-30.93
"1831",56,"Wyoming","16","A",59,63,6.56
"1832",56,"Wyoming","16","AIC",68,69,1.46
"1833",56,"Wyoming","17","A",49,40,-20.22
"1834",56,"Wyoming","17","AIC",57,42,-30.3
"1835",56,"Wyoming","18","A",39,31,-22.86
"1836",56,"Wyoming","18","AIC",39,36,-8
